case,policy,day,b_true
0,Standard,0.0,536.1216076867615
0,Standard,1.0,521.6142206107131
0,Standard,2.0,507.67567631835095
0,Standard,3.0,494.2836701650925
0,Standard,4.0,481.41677208397886
0,Standard,5.0,469.0543922929955
0,Standard,6.0,457.17674834702865
0,Standard,7.0,445.7648334817321
0,Standard,8.0,434.8003861986499
0,Standard,9.0,424.26586104292204
0,Standard,10.0,414.14440052681425
0,Standard,11.0,404.4198081541407
0,Standard,12.0,395.0765225024146
0,Standard,13.0,386.0995923212529
0,Standard,14.0,377.47465260718485
0,Standard,15.0,369.1879016165829
0,Standard,16.0,361.22607877992743
0,Standard,17.0,353.576443482067
0,Standard,18.0,346.22675467451603
0,Standard,19.0,339.16525128716495
0,Standard,20.0,332.3806334080597
0,Standard,21.0,325.8620442011313
0,Standard,21.0,325.8620442011313
0,Standard,22.0,318.1248976412532
0,Standard,23.0,310.6911289373486
0,Standard,24.0,303.54884247353596
0,Standard,25.0,296.68660906770424
0,Standard,26.0,290.0934476823828
0,Standard,27.0,283.7588078527391
0,Standard,28.0,277.6725528035837
0,Standard,29.0,271.8249432283678
0,Standard,30.0,266.2066217042143
0,Standard,31.0,260.80859771804535
0,Standard,32.0,255.62223327984339
0,Standard,33.0,250.63922910002375
0,Standard,34.0,245.85161130880118
0,Standard,35.0,241.25171869629673
0,Standard,36.0,236.8321904529677
0,Standard,37.0,232.5859543907417
0,Standard,38.0,228.50621562600725
0,Standard,39.0,224.58644570635005
0,Standard,40.0,220.82037216363642
0,Standard,41.0,217.20196847672622
0,Standard,42.0,213.72544442775308
0,Standard,42.0,213.72544442775308
0,Standard,43.0,212.01289424920665
0,Standard,44.0,210.36749412364082
0,Standard,45.0,208.7866110598173
0,Standard,46.0,207.26771530756085
0,Standard,47.0,205.80837630961952
0,Standard,48.0,204.4062588122544
0,Standard,49.0,203.05911912833528
0,Standard,50.0,201.7648015469628
0,Standard,51.0,200.52123488387093
0,Standard,52.0,199.3264291670904
0,Standard,53.0,198.1784724525688
0,Standard,54.0,197.07552776465246
0,Standard,55.0,196.0158301565333
0,Standard,56.0,194.99768388595743
0,Standard,57.0,194.01945970167583
0,Standard,58.0,193.07959223629464
0,Standard,59.0,192.17657750135353
0,Standard,60.0,191.3089704806232
0,Standard,61.0,190.47538281777108
0,Standard,62.0,189.6744805946951
0,Standard,63.0,188.90498219697008
0,Standard,64.0,188.16565626299123
0,Standard,65.0,187.45531971353293
0,Standard,66.0,186.7728358585695
0,Standard,67.0,186.11711257832866
0,Standard,68.0,185.48710057566694
0,Standard,69.0,184.88179169697037
0,Standard,70.0,184.30021731889357
0,Standard,71.0,183.7414467983558
0,Standard,72.0,183.20458598331345
0,Standard,73.0,182.68877578192607
0,Standard,74.0,182.19319078782604
0,Standard,75.0,181.71703795929236
0,Standard,76.0,181.25955535021467
0,Standard,77.0,180.820010890817
0,Standard,78.0,180.3977012161898
0,Standard,79.0,179.99195054075614
0,Standard,80.0,179.60210957687053
0,Standard,81.0,179.2275544958203
0,Standard,82.0,178.8676859295664
0,Standard,83.0,178.52192801162673
0,Standard,84.0,178.18972745556704
0,Standard,85.0,177.87055266962432
0,Standard,86.0,177.56389290604687
0,Standard,87.0,177.26925744378872
0,Standard,88.0,176.98617480325132
0,Standard,89.0,176.71419199181562
0,Standard,90.0,176.45287377895727
0,Standard,91.0,176.20180199978478
0,Standard,92.0,175.96057488588667
0,Standard,93.0,175.7288064224162
0,Standard,94.0,175.50612573038518
0,Standard,95.0,175.29217647317864
0,Standard,96.0,175.08661628634013
0,Standard,97.0,174.8891162297155
0,Standard,98.0,174.6993602610786
0,Standard,98.0,174.6993602610786
0,Standard,99.0,176.72831191249287
0,Standard,100.0,178.6777072317224
0,Standard,101.0,180.55066566717107
0,Standard,102.0,182.35018435192143
0,Standard,103.0,184.07914289978686
0,Standard,104.0,185.7403080133081
0,Standard,105.0,187.33633791106757
0,Standard,106.0,188.86978658140623
0,Standard,107.0,190.34310786934978
0,Standard,108.0,191.75865940328424
0,Standard,109.0,193.11870636766434
0,Standard,110.0,194.42542512779193
0,Standard,111.0,195.68090671246475
0,Standard,112.0,196.8871601600686
0,Standard,113.0,198.04611573346745
0,Standard,114.0,199.1596280088358
0,Standard,115.0,200.2294788433762
0,Standard,116.0,201.25738022667088
0,Standard,117.0,202.24497702023052
0,Standard,118.0,203.19384958962328
0,Standard,119.0,204.1055163333972
0,Standard,120.0,204.98143611284155
0,Standard,121.0,205.8230105864763
0,Standard,122.0,206.6315864530048
0,Standard,123.0,207.40845760631876
0,Standard,124.0,208.15486720600492
0,Standard,125.0,208.8720096666653
0,Standard,126.0,209.5610325692355
0,Standard,127.0,210.22303849735903
0,Standard,128.0,210.85908680175635
0,Standard,129.0,211.47019529541203
0,Standard,130.0,212.05734188229272
0,Standard,131.0,212.62146612220198
0,Standard,132.0,213.16347073427664
0,Standard,133.0,213.68422304152983
0,Standard,134.0,214.1845563587529
0,Standard,135.0,214.66527132599688
0,Standard,136.0,215.12713718976735
0,Standard,137.0,215.570893033983
0,Standard,138.0,215.9972489626675
0,Standard,139.0,216.40688723626755
0,Standard,140.0,216.80046336341505
0,Standard,141.0,217.17860714988086
0,Standard,142.0,217.54192370639828
0,Standard,143.0,217.89099441696942
0,Standard,144.0,218.22637786920353
0,Standard,145.0,218.54861074817654
0,Standard,146.0,218.85820869524144
0,Standard,147.0,219.15566713316466
0,Standard,148.0,219.44146205890803
0,Standard,149.0,219.71605080532555
0,Standard,150.0,219.97987277299362
0,Standard,151.0,220.23335013334548
0,Standard,152.0,220.47688850423575
0,Standard,153.0,220.71087759901548
0,Standard,154.0,220.93569185015664
0,Standard,154.0,220.93569185015664
0,Standard,155.0,220.88344867370685
0,Standard,156.0,220.83325398150612
0,Standard,157.0,220.78502745133818
0,Standard,158.0,220.73869191046583
0,Standard,159.0,220.69417321213828
0,Standard,160.0,220.65140011694038
0,Standard,161.0,220.61030417879434
0,Standard,162.0,220.5708196354316
0,Standard,163.0,220.5328833031589
0,Standard,164.0,220.49643447575116
0,Standard,165.0,220.4614148273083
0,Standard,166.0,220.42776831892155
0,Standard,167.0,220.39544110899922
0,Standard,168.0,220.3643814671086
0,Standard,169.0,220.33453969119623
0,Standard,170.0,220.30586802805405
0,Standard,171.0,220.27832059690414
0,Standard,172.0,220.25185331597953
0,Standard,173.0,220.22642383198408
0,Standard,174.0,220.20199145231817
0,Standard,175.0,220.17851707996178
0,Standard,176.0,220.15596315091105
0,Standard,177.0,220.13429357406773
0,Standard,178.0,220.11347367348574
0,Standard,179.0,220.09347013288237
0,Standard,180.0,220.074250942325
0,Standard,181.0,220.05578534700842
0,Standard,182.0,220.0380437980406
0,Standard,183.0,220.0209979051581
0,Standard,184.0,220.0046203912957
0,Standard,185.0,219.9888850489371
0,Standard,186.0,219.97376669817754
0,Standard,187.0,219.95924114643034
0,Standard,188.0,219.94528514971375
0,Standard,189.0,219.93187637545563
0,Standard,190.0,219.91899336675647
0,Standard,191.0,219.9066155080538
0,Standard,192.0,219.89472299213293
0,Standard,193.0,219.8832967884312
0,Standard,194.0,219.87231861258502
0,Standard,195.0,219.8617708971708
0,Standard,196.0,219.85163676359366
0,Standard,197.0,219.8418999950778
0,Standard,198.0,219.83254501071627
0,Standard,199.0,219.8235568405383
0,Standard,200.0,219.81492110155398
0,Standard,201.0,219.80662397473856
0,Standard,202.0,219.79865218291903
0,Standard,203.0,219.79099296952768
0,Standard,204.0,219.78363407818907
0,Standard,205.0,219.77656373310705
0,Standard,206.0,219.7697706202211
0,Standard,207.0,219.7632438691013
0,Standard,208.0,219.75697303555341
0,Standard,209.0,219.75094808490593
0,Standard,210.0,219.7451593759524
0,Standard,210.0,219.7451593759524
0,Standard,211.0,220.3751091860668
0,Standard,212.0,220.98035831082072
0,Standard,213.0,221.5618752779405
0,Standard,214.0,222.12059063863703
0,Standard,215.0,222.65739845668645
0,Standard,216.0,223.17315773912276
0,Standard,217.0,223.66869381083234
0,Standard,218.0,224.1447996352499
0,Standard,219.0,224.60223708326924
0,Standard,220.0,225.04173815239898
0,Standard,221.0,225.46400613811502
0,Standard,222.0,225.8697167592831
0,Standard,223.0,226.2595192394533
0,Standard,224.0,226.63403734575624
0,Standard,225.0,226.99387038706342
0,Standard,226.0,227.33959417300943
0,Standard,227.0,227.67176193541013
0,Standard,228.0,227.99090521355154
0,Standard,229.0,228.2975347047663
0,Standard,230.0,228.59214108165807
0,Standard,231.0,228.8751957772826
0,Standard,232.0,229.14715173954113
0,Standard,233.0,229.40844415599364
0,Standard,234.0,229.6594911502518
0,Standard,235.0,229.900694451066
0,Standard,236.0,230.13244003517693
0,Standard,237.0,230.3550987449609
0,Standard,238.0,230.56902688185664
0,Standard,239.0,230.77456677652359
0,Standard,240.0,230.97204733664407
0,Standard,241.0,231.1617845732457
0,Standard,242.0,231.3440821063865
0,Standard,243.0,231.51923165101172
0,Standard,244.0,231.68751348375997
0,Standard,245.0,231.84919689146568
0,Standard,246.0,232.00454060207548
0,Standard,247.0,232.15379319866813
0,Standard,248.0,232.29719351724037
0,Standard,249.0,232.4349710288957
0,Standard,250.0,232.5673462070468
0,Standard,251.0,232.6945308802203
0,Standard,252.0,232.81672857102743
0,Standard,253.0,232.9341348218437
0,Standard,254.0,233.04693750771847
0,Standard,255.0,233.15531713701495
0,Standard,256.0,233.25944714026227
0,Standard,257.0,233.35949414768118
0,Standard,258.0,233.45561825582806
0,Standard,259.0,233.54797328378353
0,Standard,260.0,233.63670701929576
0,Standard,261.0,233.72196145527244
0,Standard,262.0,233.80387301699972
0,Standard,263.0,233.88257278045177
0,Standard,264.0,233.9581866820403
0,Standard,265.0,234.03083572013963
0,Standard,266.0,234.10063614871007
0,Standard,266.0,234.10063614871007
0,Standard,267.0,233.30585100356024
0,Standard,268.0,232.54222982970515
0,Standard,269.0,231.80855067035208
0,Standard,270.0,231.1036394823195
0,Standard,271.0,230.42636825731745
0,Standard,272.0,229.77565321689377
0,Standard,273.0,229.15045307815708
0,Standard,274.0,228.54976738750233
0,Standard,275.0,227.9726349196713
0,Standard,276.0,227.41813213958736
0,Standard,277.0,226.88537172450208
0,Standard,278.0,226.37350114408974
0,Standard,279.0,225.8817012962168
0,Standard,280.0,225.40918519620377
0,Standard,281.0,224.95519671748178
0,Standard,282.0,224.51900938162888
0,Standard,283.0,224.09992519584944
0,Standard,284.0,223.6972735360368
0,Standard,285.0,223.31041007363163
0,Standard,286.0,222.93871574455886
0,Standard,287.0,222.58159575859293
0,Standard,288.0,222.23847864756664
0,Standard,289.0,221.90881535090014
0,Standard,290.0,221.59207833698682
0,Standard,291.0,221.28776075903025
0,Standard,292.0,220.99537564398116
0,Standard,293.0,220.71445511327667
0,Standard,294.0,220.44454963413475
0,Standard,295.0,220.1852273002058
0,Standard,296.0,219.93607314043058
0,Standard,297.0,219.69668845499766
0,Standard,298.0,219.46669017733888
0,Standard,299.0,219.24571026114114
0,Standard,300.0,219.03339509139357
0,Standard,301.0,218.82940491852827
0,Standard,302.0,218.63341331474842
0,Standard,303.0,218.44510665167422
0,Standard,304.0,218.26418359847054
0,Standard,305.0,218.09035463965324
0,Standard,306.0,217.92334161180273
0,Standard,307.0,217.7628772584431
0,Standard,308.0,217.60870480237475
0,Standard,309.0,217.46057753477612
0,Standard,310.0,217.31825842041687
0,Standard,311.0,217.18151971835098
0,Standard,312.0,217.0501426174827
0,Standard,313.0,216.92391688642198
0,Standard,314.0,216.80264053706958
0,Standard,315.0,216.68611950139282
0,Standard,316.0,216.57416732087552
0,Standard,317.0,216.4666048481444
0,Standard,318.0,216.36325996029527
0,Standard,319.0,216.2639672834594
0,Standard,320.0,216.16856792817038
0,Standard,321.0,216.0769092351067
0,Standard,322.0,215.98884453080464
1,Standard,0.0,1461.5477576639641
1,Standard,1.0,1435.5043764977072
1,Standard,2.0,1410.4821709133494
1,Standard,3.0,1386.4411000435998
1,Standard,4.0,1363.3426930460319
1,Standard,5.0,1341.1499875415266
1,Standard,6.0,1319.8274704665803
1,Standard,7.0,1299.3410212448266
1,Standard,8.0,1279.6578571868356
1,Standard,9.0,1260.746481030815
1,Standard,10.0,1242.5766305402735
1,Standard,11.0,1225.1192300779846
1,Standard,12.0,1208.3463440787643
1,Standard,13.0,1192.2311323466079
1,Standard,14.0,1176.7478071046482
1,Standard,15.0,1161.871591729213
1,Standard,16.0,1147.578681101939
1,Standard,17.0,1133.8462035165064
1,Standard,18.0,1120.6521840790267
1,Standard,19.0,1107.9755095435257
1,Standard,20.0,1095.7958945262453
1,Standard,21.0,1084.0938490447013
1,Standard,21.0,1084.0938490447013
1,Standard,22.0,1067.2521395770661
1,Standard,23.0,1051.0708029832906
1,Standard,24.0,1035.5239456726222
1,Standard,25.0,1020.5866893565237
1,Standard,26.0,1006.2351312381049
1,Standard,27.0,992.4463057625476
1,Standard,28.0,979.1981478673174
1,Standard,29.0,966.4694576733577
1,Standard,30.0,954.2398665607597
1,Standard,31.0,942.4898045746243
1,Standard,32.0,931.2004691089603
1,Standard,33.0,920.3537948185024
1,Standard,34.0,909.9324247103057
1,Standard,35.0,899.9196823688524
1,Standard,36.0,890.2995452702307
1,Standard,37.0,881.0566191426776
1,Standard,38.0,872.1761133324595
1,Standard,39.0,863.6438171356713
1,Standard,40.0,855.4460770580774
1,Standard,41.0,847.5697749666095
1,Standard,42.0,840.0023070975539
1,Standard,42.0,840.0023070975539
1,Standard,43.0,841.3364605397159
1,Standard,44.0,842.6183010771539
1,Standard,45.0,843.8498799282016
1,Standard,46.0,845.0331678817716
1,Standard,47.0,846.1700584510379
1,Standard,48.0,847.2623709034607
1,Standard,49.0,848.3118531720032
1,Standard,50.0,849.3201846521964
1,Standard,51.0,850.2889788895309
1,Standard,52.0,851.2197861614735
1,Standard,53.0,852.1140959582422
1,Standard,54.0,852.973339366308
1,Standard,55.0,853.7988913584388
1,Standard,56.0,854.5920729939493
1,Standard,57.0,855.3541535326773
1,Standard,58.0,856.0863524660707
1,Standard,59.0,856.7898414686337
1,Standard,60.0,857.465746272856
1,Standard,61.0,858.1151484706252
1,Standard,62.0,858.7390872440039
1,Standard,63.0,859.3385610281441
1,Standard,64.0,859.9145291089945
1,Standard,65.0,860.4679131583645
1,Standard,66.0,860.9995987087945
1,Standard,67.0,861.5104365705976
1,Standard,68.0,862.001244193337
1,Standard,69.0,862.4728069739207
1,Standard,70.0,862.9258795134026
1,Standard,71.0,863.361186824507
1,Standard,72.0,863.7794254918016
1,Standard,73.0,864.1812647863836
1,Standard,74.0,864.5673477368543
1,Standard,75.0,864.9382921583034
1,Standard,76.0,865.2946916409442
1,Standard,77.0,865.6371164999847
1,Standard,78.0,865.966114688254
1,Standard,79.0,866.2822126730435
1,Standard,80.0,866.5859162785666
1,Standard,81.0,866.8777114953857
1,Standard,82.0,867.1580652581006
1,Standard,83.0,867.4274261925436
1,Standard,84.0,867.6862253336768
1,Standard,85.0,867.9348768153392
1,Standard,86.0,868.17377853295
1,Standard,87.0,868.4033127802257
1,Standard,88.0,868.6238468609322
1,Standard,89.0,868.835733676648
1,Standard,90.0,869.0393122914835
1,Standard,91.0,869.2349084746546
1,Standard,92.0,869.4228352217839
1,Standard,93.0,869.60339325576
1,Standard,94.0,869.7768715079583
1,Standard,95.0,869.9435475805931
1,Standard,96.0,870.1036881909399
1,Standard,97.0,870.2575495981406
1,Standard,98.0,870.4053780132722
1,Standard,98.0,870.4053780132722
1,Standard,99.0,876.5019827941568
1,Standard,100.0,882.3595362823163
1,Standard,101.0,887.9874118130099
1,Standard,102.0,893.394615187764
1,Standard,103.0,898.5897990855765
1,Standard,104.0,903.5812769090489
1,Standard,105.0,908.3770360876044
1,Standard,106.0,912.9847508590783
1,Standard,107.0,917.4117945501365
1,Standard,108.0,921.6652513751711
1,Standard,109.0,925.7519277725548
1,Standard,110.0,929.6783632963942
1,Standard,111.0,933.4508410812115
1,Standard,112.0,937.0753978963007
1,Standard,113.0,940.557833805846
1,Standard,114.0,943.903721450262
1,Standard,115.0,947.1184149636072
1,Standard,116.0,950.2070585413405
1,Standard,117.0,953.1745946721325
1,Standard,118.0,956.0257720469003
1,Standard,119.0,958.7651531577274
1,Standard,120.0,961.3971215988232
1,Standard,121.0,963.9258890812105
1,Standard,122.0,966.3555021723598
1,Standard,123.0,968.6898487715624
1,Standard,124.0,970.9326643313974
1,Standard,125.0,973.0875378352533
1,Standard,126.0,975.1579175404673
1,Standard,127.0,977.1471164962722
1,Standard,128.0,979.0583178453824
1,Standard,129.0,980.8945799177011
1,Standard,130.0,982.6588411243008
1,Standard,131.0,984.353924659508
1,Standard,132.0,985.9825430186161
1,Standard,133.0,987.5473023384567
1,Standard,134.0,989.0507065677748
1,Standard,135.0,990.4951614740804
1,Standard,136.0,991.8829784933907
1,Standard,137.0,993.2163784290199
1,Standard,138.0,994.4974950053388
1,Standard,139.0,995.7283782821889
1,Standard,140.0,996.9109979354158
1,Standard,141.0,998.0472464087702
1,Standard,142.0,999.138941942222
1,Standard,143.0,1000.1878314815323
1,Standard,144.0,1001.1955934737389
1,Standard,145.0,1002.1638405530301
1,Standard,146.0,1003.0941221213033
1,Standard,147.0,1003.9879268275381
1,Standard,148.0,1004.8466849499532
1,Standard,149.0,1005.6717706847559
1,Standard,150.0,1006.4645043451496
1,Standard,151.0,1007.2261544741164
1,Standard,152.0,1007.9579398743567
1,Standard,153.0,1008.6610315586335
1,Standard,154.0,1009.3365546236424
1,Standard,154.0,1009.3365546236424
1,Standard,155.0,1007.1586953313562
1,Standard,156.0,1005.0662311233677
1,Standard,157.0,1003.0558136105283
1,Standard,158.0,1001.1242256959052
1,Standard,159.0,999.268376426741
1,Standard,160.0,997.4852960482697
1,Standard,161.0,995.7721312514745
1,Standard,162.0,994.1261406071864
1,Standard,163.0,992.5446901792106
1,Standard,164.0,991.0252493094688
1,Standard,165.0,989.5653865684043
1,Standard,166.0,988.1627658641776
1,Standard,167.0,986.8151427044202
1,Standard,168.0,985.520360604568
1,Standard,169.0,984.2763476370268
1,Standard,170.0,983.0811131156446
1,Standard,171.0,981.9327444101903
1,Standard,172.0,980.8294038857367
1,Standard,173.0,979.769325962053
1,Standard,174.0,978.7508142882992
1,Standard,175.0,977.7722390285031
1,Standard,176.0,976.8320342534753
1,Standard,177.0,975.9286954349881
1,Standard,178.0,975.0607770382092
1,Standard,179.0,974.226890208538
1,Standard,180.0,973.4257005491417
1,Standard,181.0,972.6559259856356
1,Standard,182.0,971.9163347144909
1,Standard,183.0,971.2057432318859
1,Standard,184.0,970.5230144398473
1,Standard,185.0,969.8670558266515
1,Standard,186.0,969.236817718572
1,Standard,187.0,968.6312916001777
1,Standard,188.0,968.0495085004937
1,Standard,189.0,967.4905374424401
1,Standard,190.0,966.9534839530702
1,Standard,191.0,966.4374886322238
1,Standard,192.0,965.9417257773025
1,Standard,193.0,965.4654020619702
1,Standard,194.0,965.0077552666611
1,Standard,195.0,964.5680530588662
1,Standard,196.0,964.1455918212449
1,Standard,197.0,963.7396955256871
1,Standard,198.0,963.3497146515242
1,Standard,199.0,962.975025146157
1,Standard,200.0,962.615027426439
1,Standard,201.0,962.2691454192151
1,Standard,202.0,961.9368256394815
1,Standard,203.0,961.6175363046921
1,Standard,204.0,961.3107664837923
1,Standard,205.0,961.0160252796213
1,Standard,206.0,960.7328410433707
1,Standard,207.0,960.4607606198467
1,Standard,208.0,960.1993486223248
1,Standard,209.0,959.948186735838
1,Standard,210.0,959.706873047784
1,Standard,210.0,959.706873047784
1,Standard,211.0,961.712511406169
1,Standard,212.0,963.639507559664
1,Standard,213.0,965.4909451132293
1,Standard,214.0,967.2697867619447
1,Standard,215.0,968.9788790319548
1,Standard,216.0,970.6209568355174
1,Standard,217.0,972.1986478474468
1,Standard,218.0,973.714476709954
1,Standard,219.0,975.1708690726134
1,Standard,220.0,976.5701554739185
1,Standard,221.0,977.914575070642
1,Standard,222.0,979.2062792209632
1,Standard,223.0,980.4473349271012
1,Standard,224.0,981.6397281429582
1,Standard,225.0,982.7853669520706
1,Standard,226.0,983.8860846209487
1,Standard,227.0,984.9436425326953
1,Standard,228.0,985.9597330055933
1,Standard,229.0,986.9359820011771
1,Standard,230.0,987.873951726117
1,Standard,231.0,988.7751431320838
1,Standard,232.0,989.6409983175917
1,Standard,233.0,990.4729028356628
1,Standard,234.0,991.2721879110087
1,Standard,235.0,992.040132570273
1,Standard,236.0,992.7779656887477
1,Standard,237.0,993.486867956835
1,Standard,238.0,994.1679737694044
1,Standard,239.0,994.8223730410664
1,Standard,240.0,995.4511129502681
1,Standard,241.0,996.0551996150027
1,Standard,242.0,996.6355997028126
1,Standard,243.0,997.1932419776633
1,Standard,244.0,997.7290187861647
1,Standard,245.0,998.2437874855157
1,Standard,246.0,998.7383718154582
1,Standard,247.0,999.2135632164373
1,Standard,248.0,999.6701220960739
1,Standard,249.0,1000.10877904598
1,Standard,250.0,1000.5302360108606
1,Standard,251.0,1000.9351674117751
1,Standard,252.0,1001.3242212253548
1,Standard,253.0,1001.6980200207041
1,Standard,254.0,1002.0571619556437
1,Standard,255.0,1002.4022217338903
1,Standard,256.0,1002.7337515247059
1,Standard,257.0,1003.0522818464859
1,Standard,258.0,1003.3583224157019
1,Standard,259.0,1003.6523629625568
1,Standard,260.0,1003.9348740146576
1,Standard,261.0,1004.2063076499599
1,Standard,262.0,1004.467098220189
1,Standard,263.0,1004.7176630458956
1,Standard,264.0,1004.9584030842576
1,Standard,265.0,1005.1897035706969
1,Standard,266.0,1005.4119346353386
1,Standard,266.0,1005.4119346353386
1,Standard,267.0,1005.219887771574
1,Standard,268.0,1005.0353711730465
1,Standard,269.0,1004.8580895738331
1,Standard,270.0,1004.6877592855527
1,Standard,271.0,1004.5241077434052
1,Standard,272.0,1004.366873070009
1,Standard,273.0,1004.2158036563412
1,Standard,274.0,1004.0706577591103
1,Standard,275.0,1003.9312031139145
1,Standard,276.0,1003.7972165635698
1,Standard,277.0,1003.66848370101
1,Standard,278.0,1003.5447985261908
1,Standard,279.0,1003.4259631164448
1,Standard,280.0,1003.3117873097634
1,Standard,281.0,1003.2020884004974
1,Standard,282.0,1003.0966908469879
1,Standard,283.0,1002.9954259906635
1,Standard,284.0,1002.8981317861499
1,Standard,285.0,1002.8046525419624
1,Standard,286.0,1002.714838671367
1,Standard,287.0,1002.6285464530098
1,Standard,288.0,1002.545637800931
1,Standard,289.0,1002.4659800435993
1,Standard,290.0,1002.3894457116086
1,Standard,291.0,1002.3159123336992
1,Standard,292.0,1002.2452622407787
1,Standard,293.0,1002.1773823776257
1,Standard,294.0,1002.112164121977
1,Standard,295.0,1002.0495031107099
1,Standard,296.0,1001.9892990728379
1,Standard,297.0,1001.931455669056
1,Standard,298.0,1001.8758803375778
1,Standard,299.0,1001.8224841460162
1,Standard,300.0,1001.7711816490728
1,Standard,301.0,1001.7218907518075
1,Standard,302.0,1001.6745325782686
1,Standard,303.0,1001.6290313452749
1,Standard,304.0,1001.5853142411462
1,Standard,305.0,1001.5433113091889
1,Standard,306.0,1001.502955335751
1,Standard,307.0,1001.4641817426651
1,Standard,308.0,1001.4269284839102
1,Standard,309.0,1001.3911359463245
1,Standard,310.0,1001.3567468542117
1,Standard,311.0,1001.3237061776877
1,Standard,312.0,1001.2919610446208
1,Standard,313.0,1001.2614606560259
1,Standard,314.0,1001.2321562047738
1,Standard,315.0,1001.2040007974905
1,Standard,316.0,1001.1769493795179
1,Standard,317.0,1001.1509586628155
1,Standard,318.0,1001.125987056692
1,Standard,319.0,1001.1019946012498
1,Standard,320.0,1001.0789429034415
1,Standard,321.0,1001.056795075633
1,Standard,322.0,1001.0355156765743
2,Standard,0.0,220.47208817051745
2,Standard,1.0,213.53502325285183
2,Standard,2.0,206.8699645412446
2,Standard,3.0,200.4662465198022
2,Standard,4.0,194.31362187349094
2,Standard,5.0,188.40224509024682
2,Standard,6.0,182.7226567060556
2,Standard,7.0,177.2657681677925
2,Standard,8.0,172.0228472895979
2,Standard,9.0,166.98550427951733
2,Standard,10.0,162.14567831404415
2,Standard,11.0,157.4956246390823
2,Standard,12.0,153.02790217668752
2,Standard,13.0,148.73536161775502
2,Standard,14.0,144.61113398159964
2,Standard,15.0,140.6486196241214
2,Standard,16.0,136.84147767696686
2,Standard,17.0,133.18361590078695
2,Standard,18.0,129.6691809363544
2,Standard,19.0,126.29254893793986
2,Standard,20.0,123.04831657395938
2,Standard,21.0,119.93129238049079
2,Standard,21.0,119.93129238049079
2,Standard,22.0,116.45745082419793
2,Standard,23.0,113.11982054362328
2,Standard,24.0,109.91306061825216
2,Standard,25.0,106.83203954805869
2,Standard,26.0,103.871827042011
2,Standard,27.0,101.02768612855378
2,Standard,28.0,98.29506557544302
2,Standard,29.0,95.66959260680363
2,Standard,30.0,93.147065905755
2,Standard,31.0,90.72344889140773
2,Standard,32.0,88.39486325947298
2,Standard,33.0,86.15758277614825
2,Standard,34.0,84.00802731534823
2,Standard,35.0,81.94275712973936
2,Standard,36.0,79.95846734641022
2,Standard,37.0,78.05198267836971
2,Standard,38.0,76.22025234341056
2,Standard,39.0,74.4603451822069
2,Standard,40.0,72.76944496783385
2,Standard,41.0,71.14484589920382
2,Standard,42.0,69.58394827120739
2,Standard,42.0,69.58394827120739
2,Standard,43.0,69.05992858749464
2,Standard,44.0,68.5564560094755
2,Standard,45.0,68.0727248736119
2,Standard,46.0,67.607961106885
2,Standard,47.0,67.16142098811315
2,Standard,48.0,66.73238995783932
2,Standard,49.0,66.32018147488358
2,Standard,50.0,65.92413591773072
2,Standard,51.0,65.54361952899505
2,Standard,52.0,65.17802340127344
2,Standard,53.0,64.82676250276353
2,Standard,54.0,64.48927474108805
2,Standard,55.0,64.16502006382709
2,Standard,56.0,63.85347959431902
2,Standard,57.0,63.55415480134711
2,Standard,58.0,63.26656670138324
2,Standard,59.0,62.99025509211207
2,Standard,60.0,62.72477781600916
2,Standard,61.0,62.46971005279455
2,Standard,62.0,62.22464363962974
2,Standard,63.0,61.98918641797006
2,Standard,64.0,61.76296160602729
2,Standard,65.0,61.54560719583845
2,Standard,66.0,61.33677537397584
2,Standard,67.0,61.1361319649713
2,Standard,68.0,60.94335589656421
2,Standard,69.0,60.75813868591739
2,Standard,70.0,60.58018394597866
2,Standard,71.0,60.40920691119843
2,Standard,72.0,60.244933981844014
2,Standard,73.0,60.08710228618167
2,Standard,74.0,59.93545925982579
2,Standard,75.0,59.78976224158196
2,Standard,76.0,59.64977808513731
2,Standard,77.0,59.51528278597663
2,Standard,78.0,59.38606112292743
2,Standard,79.0,59.26190631376005
2,Standard,80.0,59.142619684292065
2,Standard,81.0,59.02801035046715
2,Standard,82.0,58.91789491289988
2,Standard,83.0,58.81209716339762
2,Standard,84.0,58.71044780298976
2,Standard,85.0,58.6127841710133
2,Standard,86.0,58.51894998482106
2,Standard,87.0,58.4287950896961
2,Standard,88.0,58.34217521857216
2,Standard,89.0,58.25895176117554
2,Standard,90.0,58.17899154221912
2,Standard,91.0,58.10216660829349
2,Standard,92.0,58.02835402311416
2,Standard,93.0,57.95743567079734
2,Standard,94.0,57.88929806684925
2,Standard,95.0,57.82383217656678
2,Standard,96.0,57.760933240558685
2,Standard,97.0,57.70050060710818
2,Standard,98.0,57.64243757110878
2,Standard,98.0,57.64243757110878
2,Standard,99.0,59.12933176239284
2,Standard,100.0,60.55792399851549
2,Standard,101.0,61.930500331837145
2,Standard,102.0,63.249257177323
2,Standard,103.0,64.51630482727565
2,Standard,104.0,65.73367082825291
2,Standard,105.0,66.90330322557497
2,Standard,106.0,68.02707368061243
2,Standard,107.0,69.10678046584381
2,Standard,108.0,70.14415134247523
2,Standard,109.0,71.14084632522687
2,Standard,110.0,72.09846033871078
2,Standard,111.0,73.01852576965038
2,Standard,112.0,73.90251491902627
2,Standard,113.0,74.75184235807188
2,Standard,114.0,75.56786719188919
2,Standard,115.0,76.35189523430688
2,Standard,116.0,77.10518109746108
2,Standard,117.0,77.82893019944237
2,Standard,118.0,78.52430069322197
2,Standard,119.0,79.19240531994356
2,Standard,120.0,79.83431318954645
2,Standard,121.0,80.45105149156969
2,Standard,122.0,81.04360713887434
2,Standard,123.0,81.61292834691473
2,Standard,124.0,82.15992615108537
2,Standard,125.0,82.68547586457203
2,Standard,126.0,83.19041847903955
2,Standard,127.0,83.6755620103979
2,Standard,128.0,84.14168279180006
2,Standard,129.0,84.5895267159407
2,Standard,130.0,85.01981042864355
2,Standard,131.0,85.43322247564771
2,Standard,132.0,85.83042440442765
2,Standard,133.0,86.21205182281034
2,Standard,134.0,86.5787154160834
2,Standard,135.0,86.93100192422179
2,Standard,136.0,87.26947508079702
2,Standard,137.0,87.59467651507104
2,Standard,138.0,87.9071266187187
2,Standard,139.0,88.20732537856544
2,Standard,140.0,88.4957531766728
2,Standard,141.0,88.77287155905232
2,Standard,142.0,89.03912397423753
2,Standard,143.0,89.29493648289628
2,Standard,144.0,89.54071843961867
2,Standard,145.0,89.77686314797174
2,Standard,146.0,90.00374848986907
2,Standard,147.0,90.22173753026249
2,Standard,148.0,90.43117909812342
2,Standard,149.0,90.63240834464374
2,Standard,150.0,90.82574727954902
2,Standard,151.0,91.01150528638297
2,Standard,152.0,91.18997961758703
2,Standard,153.0,91.36145587016765
2,Standard,154.0,91.52620844271253
2,Standard,154.0,91.52620844271253
2,Standard,155.0,91.38700592333167
2,Standard,156.0,91.25326161280714
2,Standard,157.0,91.12476149170845
2,Standard,158.0,91.00129993242706
2,Standard,159.0,90.8826793701282
2,Standard,160.0,90.76870998660516
2,Standard,161.0,90.65920940652951
2,Standard,162.0,90.55400240561177
2,Standard,163.0,90.45292063020513
2,Standard,164.0,90.35580232790366
2,Standard,165.0,90.262492088704
2,Standard,166.0,90.17284059631619
2,Standard,167.0,90.08670438922574
2,Standard,168.0,90.0039456311246
2,Standard,169.0,89.92443189034366
2,Standard,170.0,89.84803592793384
2,Standard,171.0,89.7746354940566
2,Standard,172.0,89.70411313235815
2,Standard,173.0,89.6363559920142
2,Standard,174.0,89.57125564714458
2,Standard,175.0,89.50870792330866
2,Standard,176.0,89.44861273080411
2,Standard,177.0,89.3908739045019
2,Standard,178.0,89.3353990499617
2,Standard,179.0,89.28209939558094
2,Standard,180.0,89.23088965054146
2,Standard,181.0,89.18168786832584
2,Standard,182.0,89.13441531558558
2,Standard,183.0,89.08899634615099
2,Standard,184.0,89.04535827998104
2,Standard,185.0,89.00343128685994
2,Standard,186.0,88.96314827465376
2,Standard,187.0,88.92444478194882
2,Standard,188.0,88.8872588748996
2,Standard,189.0,88.85153104812142
2,Standard,190.0,88.81720412946908
2,Standard,191.0,88.78422318854926
2,Standard,192.0,88.7525354488202
2,Standard,193.0,88.72209020313791
2,Standard,194.0,88.69283873261396
2,Standard,195.0,88.66473422865488
2,Standard,196.0,88.63773171805839
2,Standard,197.0,88.61178799104667
2,Standard,198.0,88.58686153212156
2,Standard,199.0,88.56291245363086
2,Standard,200.0,88.53990243193955
2,Standard,201.0,88.5177946461039
2,Standard,202.0,88.49655371894994
2,Standard,203.0,88.47614566046262
2,Standard,204.0,88.4565378133944
2,Standard,205.0,88.43769880100675
2,Standard,206.0,88.41959847686061
2,Standard,207.0,88.40220787657579
2,Standard,208.0,88.38549917148161
2,Standard,209.0,88.3694456240852
2,Standard,210.0,88.35402154528582
2,Standard,210.0,88.35402154528582
2,Standard,211.0,88.45402258283247
2,Standard,212.0,88.55010252361157
2,Standard,213.0,88.64241511602651
2,Standard,214.0,88.73110807991955
2,Standard,215.0,88.8163233429551
2,Standard,216.0,88.89819726773426
2,Standard,217.0,88.97686087000402
2,Standard,218.0,89.05244002831049
2,Standard,219.0,89.12505568543135
2,Standard,220.0,89.1948240419102
2,Standard,221.0,89.26185674200208
2,Standard,222.0,89.32626105232822
2,Standard,223.0,89.38814003352547
2,Standard,224.0,89.44759270516529
2,Standard,225.0,89.50471420420622
2,Standard,226.0,89.55959593723331
2,Standard,227.0,89.6123257267281
2,Standard,228.0,89.66298795160343
2,Standard,229.0,89.7116636822276
2,Standard,230.0,89.75843081015432
2,Standard,231.0,89.80336417276581
2,Standard,232.0,89.84653567302853
2,Standard,233.0,89.8880143945533
2,Standard,234.0,89.92786671214385
2,Standard,235.0,89.9661563980106
2,Standard,236.0,90.00294472381982
2,Standard,237.0,90.03829055874142
2,Standard,238.0,90.07225046365211
2,Standard,239.0,90.10487878164493
2,Standard,240.0,90.13622772498972
2,Standard,241.0,90.16634745868399
2,Standard,242.0,90.19528618072752
2,Standard,243.0,90.22309019924951
2,Standard,244.0,90.24980400661144
2,Standard,245.0,90.27547035060432
2,Standard,246.0,90.30013030285434
2,Standard,247.0,90.32382332454615
2,Standard,248.0,90.34658732956926
2,Standard,249.0,90.36845874518826
2,Standard,250.0,90.38947257033432
2,Standard,251.0,90.40966243161084
2,Standard,252.0,90.42906063710326
2,Standard,253.0,90.4476982280789
2,Standard,254.0,90.46560502865954
2,Standard,255.0,90.48280969354641
2,Standard,256.0,90.49933975387388
2,Standard,257.0,90.51522166126506
2,Standard,258.0,90.5304808301601
2,Standard,259.0,90.5451416784847
2,Standard,260.0,90.55922766672398
2,Standard,261.0,90.57276133546432
2,Standard,262.0,90.58576434146302
2,Standard,263.0,90.5982574923038
2,Standard,264.0,90.61026077969336
2,Standard,265.0,90.62179341145236
2,Standard,266.0,90.63287384225204
2,Standard,266.0,90.63287384225204
2,Standard,267.0,91.04549177902469
2,Standard,268.0,91.44193073508067
2,Standard,269.0,91.82282509732782
2,Standard,270.0,92.18878437800755
2,Standard,271.0,92.54039419004442
2,Standard,272.0,92.87821718415178
2,Standard,273.0,93.20279394919294
2,Standard,274.0,93.51464387723871
2,Standard,275.0,93.81426599470551
2,Standard,276.0,94.10213976090405
2,Standard,277.0,94.37872583527663
2,Standard,278.0,94.6444668145504
2,Standard,279.0,94.89978794098663
2,Standard,280.0,95.14509778285903
2,Standard,281.0,95.38078888825017
2,Standard,282.0,95.6072384132121
2,Standard,283.0,95.82480872529659
2,Standard,284.0,96.03384798342044
2,Standard,285.0,96.23469069499409
2,Standard,286.0,96.42765825120475
2,Standard,287.0,96.61305944131098
2,Standard,288.0,96.79119094677134
2,Standard,289.0,96.96233781599794
2,Standard,290.0,97.12677392049484
2,Standard,291.0,97.28476239311082
2,Standard,292.0,97.43655604910805
2,Standard,293.0,97.58239779072052
2,Standard,294.0,97.72252099584935
2,Standard,295.0,97.85714989151732
2,Standard,296.0,97.98649991267983
2,Standard,297.0,98.11077804696691
2,Standard,298.0,98.23018316590749
2,Standard,299.0,98.34490634316633
2,Standard,300.0,98.45513116030261
2,Standard,301.0,98.56103400053965
2,Standard,302.0,98.66278433101564
2,Standard,303.0,98.76054497396723
2,Standard,304.0,98.85447236727985
2,Standard,305.0,98.94471681482172
2,Standard,306.0,99.03142272696209
2,Standard,307.0,99.11472885165863
2,Standard,308.0,99.19476849648376
2,Standard,309.0,99.27166974194526
2,Standard,310.0,99.34555564644234
2,Standard,311.0,99.41654444318533
2,Standard,312.0,99.48474972939414
2,Standard,313.0,99.55028064807792
2,Standard,314.0,99.61324206268723
2,Standard,315.0,99.67373472491796
2,Standard,316.0,99.73185543593546
2,Standard,317.0,99.7876972012771
2,Standard,318.0,99.84134937968096
2,Standard,319.0,99.89289782607891
2,Standard,320.0,99.94242502898277
2,Standard,321.0,99.99001024248355
2,Standard,322.0,100.0357296130749
0,MAP-Bayes,0.0,536.1216076867615
0,MAP-Bayes,1.0,519.9430702979802
0,MAP-Bayes,2.0,504.398902433908
0,MAP-Bayes,3.0,489.46423010969653
0,MAP-Bayes,4.0,475.11515466339375
0,MAP-Bayes,5.0,461.32871451298604
0,MAP-Bayes,6.0,448.0828484129688
0,MAP-Bayes,7.0,435.3563601516464
0,MAP-Bayes,8.0,423.12888463267194
0,MAP-Bayes,9.0,411.3808552865476
0,MAP-Bayes,10.0,400.0934727599398
0,MAP-Bayes,11.0,389.2486748327026
0,MAP-Bayes,12.0,378.829107514472
0,MAP-Bayes,13.0,368.81809727457943
0,MAP-Bayes,14.0,359.19962436084484
0,MAP-Bayes,15.0,349.95829716455603
0,MAP-Bayes,16.0,341.0793275906105
0,MAP-Bayes,17.0,332.54850739340884
0,MAP-Bayes,18.0,324.35218544063025
0,MAP-Bayes,19.0,316.47724586850813
0,MAP-Bayes,20.0,308.9110870936505
0,MAP-Bayes,21.0,301.64160164781765
0,MAP-Bayes,21.0,301.64160164781765
0,MAP-Bayes,22.0,293.46598093534817
0,MAP-Bayes,23.0,285.6109308962924
0,MAP-Bayes,24.0,278.0638817747547
0,MAP-Bayes,25.0,270.8127566820174
0,MAP-Bayes,26.0,263.8459522709429
0,MAP-Bayes,27.0,257.15232016814286
0,MAP-Bayes,28.0,250.72114913420154
0,MAP-Bayes,29.0,244.5421479234084
0,MAP-Bayes,30.0,238.60542881556893
0,MAP-Bayes,31.0,232.901491793543
0,MAP-Bayes,32.0,227.42120934119052
0,MAP-Bayes,33.0,222.15581183739843
0,MAP-Bayes,34.0,217.096873522816
0,MAP-Bayes,35.0,212.23629901684217
0,MAP-Bayes,36.0,207.56631036328946
0,MAP-Bayes,37.0,203.07943458399484
0,MAP-Bayes,38.0,198.76849172046025
0,MAP-Bayes,39.0,194.62658334438714
0,MAP-Bayes,40.0,190.64708151871952
0,MAP-Bayes,41.0,186.82361819153067
0,MAP-Bayes,42.0,183.15007500578147
0,MAP-Bayes,42.0,183.15007500578147
0,MAP-Bayes,43.0,180.9393652898724
0,MAP-Bayes,44.0,178.81533874179556
0,MAP-Bayes,45.0,176.77459646592413
0,MAP-Bayes,46.0,174.81387283923522
0,MAP-Bayes,47.0,172.93003028561606
0,MAP-Bayes,48.0,171.120054255073
0,MAP-Bayes,49.0,169.3810483998084
0,MAP-Bayes,50.0,167.71022993944612
0,MAP-Bayes,51.0,166.1049252079893
0,MAP-Bayes,52.0,164.56256537538434
0,MAP-Bayes,53.0,163.08068233684475
0,MAP-Bayes,54.0,161.65690476335695
0,MAP-Bayes,55.0,160.28895430704796
0,MAP-Bayes,56.0,158.97464195534266
0,MAP-Bayes,57.0,157.71186452807677
0,MAP-Bayes,58.0,156.49860131195976
0,MAP-Bayes,59.0,155.33291082700254
0,MAP-Bayes,60.0,154.2129277197353
0,MAP-Bayes,61.0,153.13685977824395
0,MAP-Bayes,62.0,152.10298506424866
0,MAP-Bayes,63.0,151.10964915763535
0,MAP-Bayes,64.0,150.1552625090305
0,MAP-Bayes,65.0,149.23829789618298
0,MAP-Bayes,66.0,148.35728798008267
0,MAP-Bayes,67.0,147.51082295690503
0,MAP-Bayes,68.0,146.69754830202413
0,MAP-Bayes,69.0,145.9161626024843
0,MAP-Bayes,70.0,145.16541547446178
0,MAP-Bayes,71.0,144.44410556238384
0,MAP-Bayes,72.0,143.75107861650343
0,MAP-Bayes,73.0,143.08522564585354
0,MAP-Bayes,74.0,142.44548114362493
0,MAP-Bayes,75.0,141.83082138212794
0,MAP-Bayes,76.0,141.24026277460973
0,MAP-Bayes,77.0,140.67286030130575
0,MAP-Bayes,78.0,140.12770599720636
0,MAP-Bayes,79.0,139.60392749911924
0,MAP-Bayes,80.0,139.10068664970206
0,MAP-Bayes,81.0,138.617178156232
0,MAP-Bayes,82.0,138.1526283019655
0,MAP-Bayes,83.0,137.7062937080265
0,MAP-Bayes,84.0,137.27746014384158
0,MAP-Bayes,85.0,136.86544138421866
0,MAP-Bayes,86.0,136.4695781112403
0,MAP-Bayes,87.0,136.08923685921442
0,MAP-Bayes,88.0,135.723809000994
0,MAP-Bayes,89.0,135.37270977404376
0,MAP-Bayes,90.0,135.03537734469543
0,MAP-Bayes,91.0,134.71127190909397
0,MAP-Bayes,92.0,134.3998748293962
0,MAP-Bayes,93.0,134.10068780383972
0,MAP-Bayes,94.0,133.81323206935363
0,MAP-Bayes,95.0,133.53704763543564
0,MAP-Bayes,96.0,133.27169254806898
0,MAP-Bayes,97.0,133.01674218250176
0,MAP-Bayes,98.0,132.77178856375673
0,MAP-Bayes,98.0,132.77178856375673
0,MAP-Bayes,99.0,135.33233690774654
0,MAP-Bayes,100.0,137.79248471509095
0,MAP-Bayes,101.0,140.15616874714118
0,MAP-Bayes,102.0,142.42717140262803
0,MAP-Bayes,103.0,144.6091267703067
0,MAP-Bayes,104.0,146.70552644427403
0,MAP-Bayes,105.0,148.71972511126427
0,MAP-Bayes,106.0,150.65494591886315
0,MAP-Bayes,107.0,152.514285633232
0,MAP-Bayes,108.0,154.30071959459409
0,MAP-Bayes,109.0,156.0171064784138
0,MAP-Bayes,110.0,157.6661928698874
0,MAP-Bayes,111.0,159.250617659065
0,MAP-Bayes,112.0,160.77291626363802
0,MAP-Bayes,113.0,162.23552468614807
0,MAP-Bayes,114.0,163.64078341211098
0,MAP-Bayes,115.0,164.9909411552928
0,MAP-Bayes,116.0,166.2881584561316
0,MAP-Bayes,117.0,167.53451113906323
0,MAP-Bayes,118.0,168.73199363428307
0,MAP-Bayes,119.0,169.88252216926008
0,MAP-Bayes,120.0,170.9879378351094
0,MAP-Bayes,121.0,172.05000953273097
0,MAP-Bayes,122.0,173.07043680342832
0,MAP-Bayes,123.0,174.05085254853736
0,MAP-Bayes,124.0,174.99282564241682
0,MAP-Bayes,125.0,175.89786344298182
0,MAP-Bayes,126.0,176.76741420379832
0,MAP-Bayes,127.0,177.6028693915977
0,MAP-Bayes,128.0,178.40556591292034
0,MAP-Bayes,129.0,179.17678825345143
0,MAP-Bayes,130.0,179.91777053347207
0,MAP-Bayes,131.0,180.6296984827149
0,MAP-Bayes,132.0,181.31371133778478
0,MAP-Bayes,133.0,181.97090366518034
0,MAP-Bayes,134.0,182.60232711283393
0,MAP-Bayes,135.0,183.20899209297266
0,MAP-Bayes,136.0,183.79186939899353
0,MAP-Bayes,137.0,184.3518917589399
0,MAP-Bayes,138.0,184.88995532806555
0,MAP-Bayes,139.0,185.40692112287408
0,MAP-Bayes,140.0,185.9036163989291
0,MAP-Bayes,141.0,186.3808359746396
0,MAP-Bayes,142.0,186.83934350313902
0,MAP-Bayes,143.0,187.2798726942931
0,MAP-Bayes,144.0,187.70312848879223
0,MAP-Bayes,145.0,188.10978818620703
0,MAP-Bayes,146.0,188.50050252881204
0,MAP-Bayes,147.0,188.8758967429123
0,MAP-Bayes,148.0,189.23657153933868
0,MAP-Bayes,149.0,189.5831040747136
0,MAP-Bayes,150.0,189.91604887502447
0,MAP-Bayes,151.0,190.23593872298386
0,MAP-Bayes,152.0,190.54328551059527
0,MAP-Bayes,153.0,190.83858105828972
0,MAP-Bayes,154.0,191.12229790194323
0,MAP-Bayes,155.0,191.39489004903515
0,MAP-Bayes,156.0,191.65679370515693
0,MAP-Bayes,157.0,191.90842797203413
0,MAP-Bayes,158.0,192.15019551817858
0,MAP-Bayes,159.0,192.38248322324392
0,MAP-Bayes,160.0,192.60566279711563
0,MAP-Bayes,161.0,192.8200913747261
0,MAP-Bayes,162.0,193.0261120875467
0,MAP-Bayes,163.0,193.22405461267135
0,MAP-Bayes,164.0,193.41423570037026
0,MAP-Bayes,165.0,193.59695968095787
0,MAP-Bayes,166.0,193.77251895178634
0,MAP-Bayes,167.0,193.9411944451436
0,MAP-Bayes,168.0,194.10325607780504
0,MAP-Bayes,168.0,194.10325607780504
0,MAP-Bayes,169.0,191.2506393053954
0,MAP-Bayes,170.0,188.50987523651537
0,MAP-Bayes,171.0,185.87657806392735
0,MAP-Bayes,172.0,183.34653395035508
0,MAP-Bayes,173.0,180.91569428544534
0,MAP-Bayes,174.0,178.5801692071275
0,MAP-Bayes,175.0,176.33622137700434
0,MAP-Bayes,176.0,174.1802599998132
0,MAP-Bayes,177.0,172.10883507738765
0,MAP-Bayes,178.0,170.11863188792427
0,MAP-Bayes,179.0,168.2064656817206
0,MAP-Bayes,180.0,166.36927658489614
0,MAP-Bayes,181.0,164.60412470294142
0,MAP-Bayes,182.0,162.90818541625944
0,MAP-Bayes,183.0,161.2787448601719
0,MAP-Bayes,184.0,159.7131955821565
0,MAP-Bayes,185.0,158.20903236936672
0,MAP-Bayes,186.0,156.76384823975692
0,MAP-Bayes,187.0,155.37533059039725
0,MAP-Bayes,188.0,154.0412574968159
0,MAP-Bayes,189.0,152.75949415744566
0,MAP-Bayes,190.0,151.5279894774861
0,MAP-Bayes,191.0,150.34477278671432
0,MAP-Bayes,192.0,149.20795068599202
0,MAP-Bayes,193.0,148.11570401742307
0,MAP-Bayes,194.0,147.0662849533127
0,MAP-Bayes,195.0,146.05801419927036
0,MAP-Bayes,196.0,145.08927830698036
0,MAP-Bayes,197.0,144.15852709234028
0,MAP-Bayes,198.0,143.2642711548359
0,MAP-Bayes,199.0,142.40507949418244
0,MAP-Bayes,200.0,141.57957722041886
0,MAP-Bayes,201.0,140.7864433537906
0,MAP-Bayes,202.0,140.02440871090008
0,MAP-Bayes,203.0,139.29225387374265
0,MAP-Bayes,204.0,138.58880723837754
0,MAP-Bayes,205.0,137.9129431401115
0,MAP-Bayes,206.0,137.26358005219527
0,MAP-Bayes,207.0,136.63967885515
0,MAP-Bayes,208.0,136.04024117395443
0,MAP-Bayes,209.0,135.46430778043177
0,MAP-Bayes,210.0,134.91095705828005
0,MAP-Bayes,211.0,134.37930352828934
0,MAP-Bayes,212.0,133.86849643138623
0,MAP-Bayes,213.0,133.37771836723766
0,MAP-Bayes,214.0,132.9061839862361
0,MAP-Bayes,215.0,132.45313873277257
0,MAP-Bayes,216.0,132.0178576377867
0,MAP-Bayes,217.0,131.59964415866165
0,MAP-Bayes,218.0,131.19782906460713
0,MAP-Bayes,219.0,130.81176936574755
0,MAP-Bayes,220.0,130.44084728420094
0,MAP-Bayes,221.0,130.08446926550258
0,MAP-Bayes,222.0,129.74206502879116
0,MAP-Bayes,223.0,129.4130866542378
0,MAP-Bayes,224.0,129.09700770625744
0,MAP-Bayes,225.0,128.79332239109954
0,MAP-Bayes,226.0,128.50154474747018
0,MAP-Bayes,227.0,128.22120786889033
0,MAP-Bayes,228.0,127.95186315654591
0,MAP-Bayes,229.0,127.69307960143385
0,MAP-Bayes,230.0,127.4444430946559
0,MAP-Bayes,231.0,127.20555576475591
0,MAP-Bayes,232.0,126.97603534104071
0,MAP-Bayes,233.0,126.75551454186538
0,MAP-Bayes,234.0,126.5436404869043
0,MAP-Bayes,235.0,126.3400741324673
0,MAP-Bayes,236.0,126.1444897289575
0,MAP-Bayes,237.0,125.95657429960237
0,MAP-Bayes,238.0,125.77602713962419
0,MAP-Bayes,238.0,125.77602713962419
0,MAP-Bayes,239.0,126.08525524239471
0,MAP-Bayes,240.0,126.38235833782575
0,MAP-Bayes,241.0,126.66781185425535
0,MAP-Bayes,242.0,126.94207257820979
0,MAP-Bayes,243.0,127.2055793853595
0,MAP-Bayes,244.0,127.45875394281369
0,MAP-Bayes,245.0,127.70200138387774
0,MAP-Bayes,246.0,127.9357109563529
0,MAP-Bayes,247.0,128.16025664541584
0,MAP-Bayes,248.0,128.3759977720747
0,MAP-Bayes,249.0,128.58327956815936
0,MAP-Bayes,250.0,128.782433728766
0,MAP-Bayes,251.0,128.97377894304012
0,MAP-Bayes,252.0,129.15762140414705
0,MAP-Bayes,253.0,129.33425529924634
0,MAP-Bayes,254.0,129.50396328025408
0,MAP-Bayes,255.0,129.6670169161462
0,MAP-Bayes,256.0,129.8236771275267
0,MAP-Bayes,257.0,129.97419460415648
0,MAP-Bayes,258.0,130.11881020611023
0,MAP-Bayes,259.0,130.25775534920405
0,MAP-Bayes,260.0,130.39125237531007
0,MAP-Bayes,261.0,130.51951490815102
0,MAP-Bayes,262.0,130.6427481951435
0,MAP-Bayes,263.0,130.76114943583792
0,MAP-Bayes,264.0,130.87490809747965
0,MAP-Bayes,265.0,130.98420621819713
0,MAP-Bayes,266.0,131.08921869830166
0,MAP-Bayes,267.0,131.1901135801653
0,MAP-Bayes,268.0,131.28705231712442
0,MAP-Bayes,269.0,131.38019003183948
0,MAP-Bayes,270.0,131.4696757645245
0,MAP-Bayes,271.0,131.5556527114431
0,MAP-Bayes,272.0,131.63825845405302
0,MAP-Bayes,273.0,131.717625179166
0,MAP-Bayes,274.0,131.7938798904746
0,MAP-Bayes,275.0,131.86714461178556
0,MAP-Bayes,276.0,131.93753658228354
0,MAP-Bayes,277.0,132.00516844413914
0,MAP-Bayes,278.0,132.0701484227602
0,MAP-Bayes,279.0,132.1325804999757
0,MAP-Bayes,280.0,132.19256458042864
0,MAP-Bayes,281.0,132.2501966514451
0,MAP-Bayes,282.0,132.3055689366342
0,MAP-Bayes,283.0,132.35877004346563
0,MAP-Bayes,284.0,132.40988510506045
0,MAP-Bayes,285.0,132.4589959164224
0,MAP-Bayes,286.0,132.50618106532716
0,MAP-Bayes,287.0,132.55151605807967
0,MAP-Bayes,288.0,132.59507344034034
0,MAP-Bayes,289.0,132.6369229132135
0,MAP-Bayes,290.0,132.67713144478412
0,MAP-Bayes,291.0,132.715763377281
0,MAP-Bayes,292.0,132.75288053003808
0,MAP-Bayes,293.0,132.78854229841846
0,MAP-Bayes,294.0,132.82280574885982
0,MAP-Bayes,295.0,132.85572571019281
0,MAP-Bayes,296.0,132.88735486137884
0,MAP-Bayes,297.0,132.91774381580774
0,MAP-Bayes,298.0,132.9469412022899
0,MAP-Bayes,299.0,132.9749937428728
0,MAP-Bayes,300.0,133.00194632760625
0,MAP-Bayes,301.0,133.027842086376
0,MAP-Bayes,302.0,133.05272245792085
0,MAP-Bayes,303.0,133.0766272561433
0,MAP-Bayes,304.0,133.09959473382048
0,MAP-Bayes,305.0,133.1216616438167
0,MAP-Bayes,306.0,133.1428632978958
0,MAP-Bayes,307.0,133.16323362322754
0,MAP-Bayes,308.0,133.1828052166784
0,MAP-Bayes,308.0,133.1828052166784
0,MAP-Bayes,309.0,132.44330678883253
0,MAP-Bayes,310.0,131.7328045090885
0,MAP-Bayes,311.0,131.05016142221677
0,MAP-Bayes,312.0,130.39428515364008
0,MAP-Bayes,313.0,129.76412616140095
0,MAP-Bayes,314.0,129.15867605667074
0,MAP-Bayes,315.0,128.57696599011228
0,MAP-Bayes,316.0,128.01806510151434
0,MAP-Bayes,317.0,127.48107903021655
0,MAP-Bayes,318.0,126.96514848394176
0,MAP-Bayes,319.0,126.46944786374485
0,MAP-Bayes,320.0,125.99318394287839
0,MAP-Bayes,321.0,125.53559459746063
0,MAP-Bayes,322.0,125.09594758691462
0,MAP-Bayes,323.0,124.67353938222712
0,MAP-Bayes,324.0,124.26769404015208
0,MAP-Bayes,325.0,123.87776212155721
0,MAP-Bayes,326.0,123.50311965218287
0,MAP-Bayes,327.0,123.14316712415005
0,MAP-Bayes,328.0,122.79732853661993
0,MAP-Bayes,329.0,122.46505047406964
0,MAP-Bayes,330.0,122.14580122070933
0,MAP-Bayes,331.0,121.83906990962348
0,MAP-Bayes,332.0,121.54436570527484
0,MAP-Bayes,333.0,121.2612170180629
0,MAP-Bayes,334.0,120.9891707496798
0,MAP-Bayes,335.0,120.72779156805652
0,MAP-Bayes,336.0,120.4766612107386
0,MAP-Bayes,337.0,120.235377815577
0,MAP-Bayes,338.0,120.00355527766291
0,MAP-Bayes,339.0,119.78082263147758
0,MAP-Bayes,340.0,119.56682345726824
0,MAP-Bayes,341.0,119.3612153107006
0,MAP-Bayes,342.0,119.16366917487473
0,MAP-Bayes,343.0,118.97386893382787
0,MAP-Bayes,344.0,118.7915108666815
0,MAP-Bayes,345.0,118.61630316162304
0,MAP-Bayes,346.0,118.44796544894474
0,MAP-Bayes,347.0,118.28622835239237
0,MAP-Bayes,348.0,118.13083305810571
0,MAP-Bayes,349.0,117.98153090046111
0,MAP-Bayes,350.0,117.83808296415353
0,MAP-Bayes,351.0,117.700259701881
0,MAP-Bayes,352.0,117.56784056702004
0,MAP-Bayes,353.0,117.44061366070393
0,MAP-Bayes,354.0,117.31837539273941
0,MAP-Bayes,355.0,117.20093015581881
0,MAP-Bayes,356.0,117.08809001250677
0,MAP-Bayes,357.0,116.97967439450012
0,MAP-Bayes,358.0,116.87550981368015
0,MAP-Bayes,359.0,116.7754295844946
0,MAP-Bayes,360.0,116.67927355722519
0,MAP-Bayes,361.0,116.58688786171389
0,MAP-Bayes,362.0,116.4981246611379
0,MAP-Bayes,363.0,116.4128419154391
0,MAP-Bayes,364.0,116.33090315402981
0,MAP-Bayes,365.0,116.25217725741052
0,MAP-Bayes,366.0,116.17653824735093
0,MAP-Bayes,367.0,116.10386508529773
0,MAP-Bayes,368.0,116.03404147868721
0,MAP-Bayes,369.0,115.9669556948523
0,MAP-Bayes,370.0,115.90250038222645
0,MAP-Bayes,371.0,115.8405723985583
0,MAP-Bayes,372.0,115.78107264586191
0,MAP-Bayes,373.0,115.72390591183905
0,MAP-Bayes,374.0,115.66898071751908
0,MAP-Bayes,375.0,115.61620917087305
0,MAP-Bayes,376.0,115.5655068261678
0,MAP-Bayes,377.0,115.51679254883474
0,MAP-Bayes,378.0,115.46998838563721
1,MAP-Bayes,0.0,1461.5477576639641
1,MAP-Bayes,1.0,1420.6181358140047
1,MAP-Bayes,2.0,1381.2933873920656
1,MAP-Bayes,3.0,1343.5105844109444
1,MAP-Bayes,4.0,1307.2092663251103
1,MAP-Bayes,5.0,1272.3313432809316
1,MAP-Bayes,6.0,1238.8210031605174
1,MAP-Bayes,7.0,1206.624622270421
1,MAP-Bayes,8.0,1175.6906795322907
1,MAP-Bayes,9.0,1145.9696740381523
1,MAP-Bayes,10.0,1117.414045838396
1,MAP-Bayes,11.0,1089.97809983571
1,MAP-Bayes,12.0,1063.6179326631757
1,MAP-Bayes,13.0,1038.2913624295152
1,MAP-Bayes,14.0,1013.9578612190644
1,MAP-Bayes,15.0,990.5784902384632
1,MAP-Bayes,16.0,968.1158375062771
1,MAP-Bayes,17.0,946.5339579858467
1,MAP-Bayes,18.0,925.7983160655593
1,MAP-Bayes,19.0,905.875730294503
1,MAP-Bayes,20.0,886.7343202850658
1,MAP-Bayes,21.0,868.343455697514
1,MAP-Bayes,21.0,868.343455697514
1,MAP-Bayes,22.0,846.4924139500747
1,MAP-Bayes,23.0,825.4981638046587
1,MAP-Bayes,24.0,805.3271099820208
1,MAP-Bayes,25.0,785.9469744926572
1,MAP-Bayes,26.0,767.3267449851355
1,MAP-Bayes,27.0,749.4366251197163
1,MAP-Bayes,28.0,732.2479868878522
1,MAP-Bayes,29.0,715.7333248012674
1,MAP-Bayes,30.0,699.8662118773074
1,MAP-Bayes,31.0,684.6212573501293
1,MAP-Bayes,32.0,669.9740660400593
1,MAP-Bayes,33.0,655.9011993161001
1,MAP-Bayes,34.0,642.3801375891221
1,MAP-Bayes,35.0,629.3892442757151
1,MAP-Bayes,36.0,616.907731175039
1,MAP-Bayes,37.0,604.915625203268
1,MAP-Bayes,38.0,593.3937364323949
1,MAP-Bayes,39.0,582.3236273822524
1,MAP-Bayes,40.0,571.6875835166109
1,MAP-Bayes,41.0,561.4685848961416
1,MAP-Bayes,42.0,551.6502789428826
1,MAP-Bayes,42.0,551.6502789428826
1,MAP-Bayes,43.0,549.0173728371142
1,MAP-Bayes,44.0,546.4877044564123
1,MAP-Bayes,45.0,544.0572257916764
1,MAP-Bayes,46.0,541.7220475585132
1,MAP-Bayes,47.0,539.4784329735514
1,MAP-Bayes,48.0,537.3227917747921
1,MAP-Bayes,49.0,535.2516744764225
1,MAP-Bayes,50.0,533.2617668489033
1,MAP-Bayes,51.0,531.3498846154941
1,MAP-Bayes,52.0,529.5129683567318
1,MAP-Bayes,53.0,527.7480786147056
1,MAP-Bayes,54.0,526.0523911892986
1,MAP-Bayes,55.0,524.4231926188642
1,MAP-Bayes,56.0,522.8578758381087
1,MAP-Bayes,57.0,521.353936006231
1,MAP-Bayes,58.0,519.9089664986424
1,MAP-Bayes,59.0,518.520655055854
1,MAP-Bayes,60.0,517.1867800833686
1,MAP-Bayes,61.0,515.9052070966551
1,MAP-Bayes,62.0,514.6738853055178
1,MAP-Bayes,63.0,513.4908443323951
1,MAP-Bayes,64.0,512.3541910593342
1,MAP-Bayes,65.0,511.2621065985994
1,MAP-Bayes,66.0,510.21284338206306
1,MAP-Bayes,67.0,509.204722364724
1,MAP-Bayes,68.0,508.236130337877
1,MAP-Bayes,69.0,507.3055173476354
1,MAP-Bayes,70.0,506.4113942146732
1,MAP-Bayes,71.0,505.5523301512213
1,MAP-Bayes,72.0,504.72695047150154
1,MAP-Bayes,73.0,503.93393439193585
1,MAP-Bayes,74.0,503.17201291761114
1,MAP-Bayes,75.0,502.43996681161656
1,MAP-Bayes,76.0,501.7366246440044
1,MAP-Bayes,77.0,501.0608609172521
1,MAP-Bayes,78.0,500.41159426522637
1,MAP-Bayes,79.0,499.7877857227662
1,MAP-Bayes,80.0,499.1884370631175
1,MAP-Bayes,81.0,498.61258920055684
1,MAP-Bayes,82.0,498.0593206556502
1,MAP-Bayes,83.0,497.5277460806887
1,MAP-Bayes,84.0,497.0170148429438
1,MAP-Bayes,85.0,496.52630966347334
1,MAP-Bayes,86.0,496.05484530930073
1,MAP-Bayes,87.0,495.601867336875
1,MAP-Bayes,88.0,495.16665088479965
1,MAP-Bayes,89.0,494.7484995139003
1,MAP-Bayes,90.0,494.3467440927732
1,MAP-Bayes,91.0,493.96074172703203
1,MAP-Bayes,92.0,493.58987473054015
1,MAP-Bayes,93.0,493.23354963698057
1,MAP-Bayes,94.0,492.89119625018355
1,MAP-Bayes,95.0,492.562266731691
1,MAP-Bayes,96.0,492.24623472409786
1,MAP-Bayes,97.0,491.9425945087683
1,MAP-Bayes,98.0,491.6508601965777
2,MAP-Bayes,0.0,220.47208817051745
2,MAP-Bayes,1.0,214.67936404870014
2,MAP-Bayes,2.0,209.11377588853517
2,MAP-Bayes,3.0,203.76641756157744
2,MAP-Bayes,4.0,198.62873215367324
2,MAP-Bayes,5.0,193.69249827207187
2,MAP-Bayes,6.0,188.9498168894434
2,MAP-Bayes,7.0,184.39309870374962
2,MAP-Bayes,8.0,180.01505199374168
2,MAP-Bayes,9.0,175.8086709506505
2,MAP-Bayes,10.0,171.76722446739797
2,MAP-Bayes,11.0,167.88424536738967
2,MAP-Bayes,12.0,164.15352005565245
2,MAP-Bayes,13.0,160.5690785757571
2,MAP-Bayes,14.0,157.1251850566141
2,MAP-Bayes,15.0,153.8163285338564
2,MAP-Bayes,16.0,150.63721413112052
2,MAP-Bayes,17.0,147.5827545871148
2,MAP-Bayes,18.0,144.64806211491612
2,MAP-Bayes,19.0,141.82844058046783
2,MAP-Bayes,20.0,139.11937798776341
2,MAP-Bayes,21.0,136.5165392586904
2,MAP-Bayes,21.0,136.5165392586904
2,MAP-Bayes,22.0,133.31528959809836
2,MAP-Bayes,23.0,130.2395627321116
2,MAP-Bayes,24.0,127.28443684155442
2,MAP-Bayes,25.0,124.44518309454149
2,MAP-Bayes,26.0,121.71725807933781
2,MAP-Bayes,27.0,119.09629653393067
2,MAP-Bayes,28.0,116.57810436067913
2,MAP-Bayes,29.0,114.15865191486303
2,MAP-Bayes,30.0,111.83406755639164
2,MAP-Bayes,31.0,109.60063145435367
2,MAP-Bayes,32.0,107.45476963449406
2,MAP-Bayes,33.0,105.39304826009274
2,MAP-Bayes,34.0,103.41216813709336
2,MAP-Bayes,35.0,101.50895943468879
2,MAP-Bayes,36.0,99.6803766129157
2,MAP-Bayes,37.0,97.92349354914073
2,MAP-Bayes,38.0,96.23549885564017
2,MAP-Bayes,39.0,94.61369138077967
2,MAP-Bayes,40.0,93.05547588659542
2,MAP-Bayes,41.0,91.55835889585967
2,MAP-Bayes,42.0,90.11994470198525
2,MAP-Bayes,42.0,90.11994470198525
2,MAP-Bayes,43.0,90.09929733244505
2,MAP-Bayes,44.0,90.07945955784453
2,MAP-Bayes,45.0,90.06039963351209
2,MAP-Bayes,46.0,90.04208705950242
2,MAP-Bayes,47.0,90.02449253179024
2,MAP-Bayes,48.0,90.00758789537751
2,MAP-Bayes,49.0,89.99134609923945
2,MAP-Bayes,50.0,89.97574115303713
2,MAP-Bayes,51.0,89.96074808552741
2,MAP-Bayes,52.0,89.94634290460357
2,MAP-Bayes,53.0,89.93250255890287
2,MAP-Bayes,54.0,89.91920490091941
2,MAP-Bayes,55.0,89.90642865156344
2,MAP-Bayes,56.0,89.89415336611026
2,MAP-Bayes,57.0,89.88235940148427
2,MAP-Bayes,58.0,89.87102788482586
2,MAP-Bayes,59.0,89.8601406832909
2,MAP-Bayes,60.0,89.84968037503417
2,MAP-Bayes,61.0,89.83963022133084
2,MAP-Bayes,62.0,89.82997413979082
2,MAP-Bayes,63.0,89.82069667862358
2,MAP-Bayes,64.0,89.81178299191194
2,MAP-Bayes,65.0,89.80321881585549
2,MAP-Bayes,66.0,89.7949904459454
2,MAP-Bayes,67.0,89.78708471503435
2,MAP-Bayes,68.0,89.77948897226625
2,MAP-Bayes,69.0,89.77219106283214
2,MAP-Bayes,70.0,89.76517930851993
2,MAP-Bayes,71.0,89.75844248902685
2,MAP-Bayes,72.0,89.75196982400442
2,MAP-Bayes,73.0,89.7457509558077
2,MAP-Bayes,74.0,89.73977593292081
2,MAP-Bayes,75.0,89.73403519403239
2,MAP-Bayes,76.0,89.72851955273546
2,MAP-Bayes,77.0,89.72322018282723
2,MAP-Bayes,78.0,89.71812860418524
2,MAP-Bayes,79.0,89.71323666919739
2,MAP-Bayes,80.0,89.70853654972406
2,MAP-Bayes,81.0,89.70402072457132
2,MAP-Bayes,82.0,89.6996819674555
2,MAP-Bayes,83.0,89.69551333543959
2,MAP-Bayes,84.0,89.69150815782298
2,MAP-Bayes,85.0,89.68766002546703
2,MAP-Bayes,86.0,89.68396278053895
2,MAP-Bayes,87.0,89.6804105066581
2,MAP-Bayes,88.0,89.67699751942841
2,MAP-Bayes,89.0,89.67371835734215
2,MAP-Bayes,90.0,89.67056777304042
2,MAP-Bayes,91.0,89.66754072491614
2,MAP-Bayes,92.0,89.66463236904653
2,MAP-Bayes,93.0,89.66183805144172
2,MAP-Bayes,94.0,89.65915330059737
2,MAP-Bayes,95.0,89.65657382033937
2,MAP-Bayes,96.0,89.65409548294899
2,MAP-Bayes,97.0,89.65171432255764
2,MAP-Bayes,98.0,89.64942652880072
2,MAP-Bayes,98.0,89.64942652880072
2,MAP-Bayes,99.0,91.8066606299619
2,MAP-Bayes,100.0,93.87930837213682
2,MAP-Bayes,101.0,95.87068643390138
2,MAP-Bayes,102.0,97.7839814450044
2,MAP-Bayes,103.0,99.62225508565501
2,MAP-Bayes,104.0,101.38844898586419
2,MAP-Bayes,105.0,103.08538943268044
2,MAP-Bayes,106.0,104.71579189285193
2,MAP-Bayes,107.0,106.28226535815264
2,MAP-Bayes,108.0,107.78731652032592
2,MAP-Bayes,109.0,109.23335378232593
2,MAP-Bayes,110.0,110.62269111227629
2,MAP-Bayes,111.0,111.95755174631267
2,MAP-Bayes,112.0,113.240071746235
2,MAP-Bayes,113.0,114.47230341766202
2,MAP-Bayes,114.0,115.65621859415812
2,MAP-Bayes,115.0,116.79371179258771
2,MAP-Bayes,116.0,117.88660324474648
2,MAP-Bayes,117.0,118.93664181012046
2,MAP-Bayes,118.0,119.94550777443445
2,MAP-Bayes,119.0,120.91481553846755
2,MAP-Bayes,120.0,121.8461162014389
2,MAP-Bayes,121.0,122.74090004309734
2,MAP-Bayes,122.0,123.6005989084869
2,MAP-Bayes,123.0,124.42658849920443
2,MAP-Bayes,124.0,125.22019057481559
2,MAP-Bayes,125.0,125.98267506795214
2,MAP-Bayes,126.0,126.71526211647517
2,MAP-Bayes,127.0,127.41912401595584
2,MAP-Bayes,128.0,128.0953870955986
2,MAP-Bayes,129.0,128.74513352060796
2,MAP-Bayes,130.0,129.36940302388393
2,MAP-Bayes,131.0,129.96919456981635
2,MAP-Bayes,132.0,130.54546795284108
2,MAP-Bayes,133.0,131.09914533331582
2,MAP-Bayes,134.0,131.63111271317348
2,MAP-Bayes,135.0,132.14222135371423
2,MAP-Bayes,136.0,132.6332891378053
2,MAP-Bayes,137.0,133.1051018786679
2,MAP-Bayes,138.0,133.55841457734624
2,MAP-Bayes,139.0,133.99395263087
2,MAP-Bayes,140.0,134.4124129930446
2,MAP-Bayes,141.0,134.81446528972583
2,MAP-Bayes,142.0,135.20075289036407
2,MAP-Bayes,143.0,135.5718939375328
2,MAP-Bayes,144.0,135.92848233608842
2,MAP-Bayes,145.0,136.2710887035449
2,MAP-Bayes,146.0,136.60026128318344
2,MAP-Bayes,147.0,136.9165268213587
2,MAP-Bayes,148.0,137.22039141040528
2,MAP-Bayes,149.0,137.51234129849362
2,MAP-Bayes,150.0,137.79284366773058
2,MAP-Bayes,151.0,138.06234738175067
2,MAP-Bayes,152.0,138.3212837039935
2,MAP-Bayes,153.0,138.57006698781734
2,MAP-Bayes,154.0,138.80909533955293
2,MAP-Bayes,155.0,139.03875125555848
2,MAP-Bayes,156.0,139.25940223429544
2,MAP-Bayes,157.0,139.47140136440456
2,MAP-Bayes,158.0,139.67508788972287
2,MAP-Bayes,159.0,139.87078775214633
2,MAP-Bayes,160.0,140.05881411320638
2,MAP-Bayes,161.0,140.2394678551951
2,MAP-Bayes,162.0,140.4130380626412
2,MAP-Bayes,163.0,140.5798024849069
2,MAP-Bayes,164.0,140.74002798064612
2,MAP-Bayes,165.0,140.8939709448353
2,MAP-Bayes,166.0,141.0418777190601
2,MAP-Bayes,167.0,141.18398498571435
2,MAP-Bayes,168.0,141.32052014674255
2,MAP-Bayes,168.0,141.32052014674255
2,MAP-Bayes,169.0,140.71554437048394
2,MAP-Bayes,170.0,140.1342900337117
2,MAP-Bayes,171.0,139.57582700547943
2,MAP-Bayes,172.0,139.03926162579685
2,MAP-Bayes,173.0,138.52373527558308
2,MAP-Bayes,174.0,138.02842300269293
2,MAP-Bayes,175.0,137.55253220181754
2,MAP-Bayes,176.0,137.09530134614673
2,MAP-Bayes,177.0,136.65599876876362
2,MAP-Bayes,178.0,136.23392149182155
2,MAP-Bayes,179.0,135.82839410162944
2,MAP-Bayes,180.0,135.43876766784587
2,MAP-Bayes,181.0,135.064418705052
2,MAP-Bayes,182.0,134.70474817504206
2,MAP-Bayes,183.0,134.35918052823416
2,MAP-Bayes,184.0,134.02716278266843
2,MAP-Bayes,185.0,133.70816363911769
2,MAP-Bayes,186.0,133.40167263089552
2,MAP-Bayes,187.0,133.1071993070005
2,MAP-Bayes,188.0,132.8242724472901
2,MAP-Bayes,189.0,132.5524393084278
2,MAP-Bayes,190.0,132.2912648993973
2,MAP-Bayes,191.0,132.04033128542392
2,MAP-Bayes,192.0,131.79923691918998
2,MAP-Bayes,193.0,131.5675959982733
2,MAP-Bayes,194.0,131.34503784778101
2,MAP-Bayes,195.0,131.13120632719077
2,MAP-Bayes,196.0,130.92575926044978
2,MAP-Bayes,197.0,130.7283678884202
2,MAP-Bayes,198.0,130.5387163427944
2,MAP-Bayes,199.0,130.35650114063822
2,MAP-Bayes,200.0,130.18143069875356
2,MAP-Bayes,201.0,130.01322486708304
2,MAP-Bayes,202.0,129.85161448041015
2,MAP-Bayes,203.0,129.69634092763755
2,MAP-Bayes,204.0,129.54715573795397
2,MAP-Bayes,205.0,129.40382018322802
2,MAP-Bayes,206.0,129.26610489599233
2,MAP-Bayes,207.0,129.13378950240642
2,MAP-Bayes,208.0,129.0066622696118
2,MAP-Bayes,209.0,128.88451976691408
2,MAP-Bayes,210.0,128.76716654025046
2,MAP-Bayes,211.0,128.65441479942163
2,MAP-Bayes,212.0,128.54608411758724
2,MAP-Bayes,213.0,128.44200114254457
2,MAP-Bayes,214.0,128.34199931932804
2,MAP-Bayes,215.0,128.2459186236856
2,MAP-Bayes,216.0,128.15360530600594
2,MAP-Bayes,217.0,128.06491164528623
2,MAP-Bayes,218.0,127.97969571274696
2,MAP-Bayes,219.0,127.8978211447157
2,MAP-Bayes,220.0,127.81915692441612
2,MAP-Bayes,221.0,127.74357717231314
2,MAP-Bayes,222.0,127.67096094467884
2,MAP-Bayes,223.0,127.60119204005672
2,MAP-Bayes,224.0,127.53415881331456
2,MAP-Bayes,224.0,127.53415881331456
2,MAP-Bayes,225.0,128.0321577096258
2,MAP-Bayes,226.0,128.51062978991115
2,MAP-Bayes,227.0,128.97034071157856
2,MAP-Bayes,228.0,129.4120261101796
2,MAP-Bayes,229.0,129.83639277658324
2,MAP-Bayes,230.0,130.24411978799216
2,MAP-Bayes,231.0,130.63585959461096
2,MAP-Bayes,232.0,131.01223906370592
2,MAP-Bayes,233.0,131.3738604827261
2,MAP-Bayes,234.0,131.72130252309194
2,MAP-Bayes,235.0,132.05512116619298
2,MAP-Bayes,236.0,132.37585059307662
2,MAP-Bayes,237.0,132.68400403925182
2,MAP-Bayes,238.0,132.98007461597533
2,MAP-Bayes,239.0,133.264536099335
2,MAP-Bayes,240.0,133.5378436883926
2,MAP-Bayes,241.0,133.80043473359933
2,MAP-Bayes,242.0,134.0527294366499
2,MAP-Bayes,243.0,134.29513152289496
2,MAP-Bayes,244.0,134.52802888738773
2,MAP-Bayes,245.0,134.75179421559878
2,MAP-Bayes,246.0,134.9667855797924
2,MAP-Bayes,247.0,135.1733470120186
2,MAP-Bayes,248.0,135.3718090546377
2,MAP-Bayes,249.0,135.56248928925874
2,MAP-Bayes,250.0,135.7456928449377
2,MAP-Bayes,251.0,135.92171288644923
2,MAP-Bayes,252.0,136.09083108341264
2,MAP-Bayes,253.0,136.25331806102358
2,MAP-Bayes,254.0,136.40943383311193
2,MAP-Bayes,255.0,136.55942821821955
2,MAP-Bayes,256.0,136.7035412393631
2,MAP-Bayes,257.0,136.84200350812213
2,MAP-Bayes,258.0,136.9750365936669
2,MAP-Bayes,259.0,137.10285337731617
2,MAP-Bayes,260.0,137.2256583931928
2,MAP-Bayes,261.0,137.34364815552198
2,MAP-Bayes,262.0,137.45701147309595
2,MAP-Bayes,263.0,137.5659297514083
2,MAP-Bayes,264.0,137.67057728294148
2,MAP-Bayes,265.0,137.77112152607188
2,MAP-Bayes,266.0,137.86772337303915
2,MAP-Bayes,267.0,137.9605374074079
2,MAP-Bayes,268.0,138.04971215143456
2,MAP-Bayes,269.0,138.13539030373445
2,MAP-Bayes,270.0,138.21770896763027
2,MAP-Bayes,271.0,138.29679987054652
2,MAP-Bayes,272.0,138.37278957480146
2,MAP-Bayes,273.0,138.44579968013392
2,MAP-Bayes,274.0,138.51594701828873
2,MAP-Bayes,275.0,138.58334383997254
2,MAP-Bayes,276.0,138.64809799447877
2,MAP-Bayes,277.0,138.7103131022696
2,MAP-Bayes,278.0,138.77008872079074
2,MAP-Bayes,279.0,138.82752050378465
2,MAP-Bayes,280.0,138.8827003543569
2,MAP-Bayes,281.0,138.93571657204072
2,MAP-Bayes,282.0,138.98665399409512
2,MAP-Bayes,283.0,139.03559413126266
2,MAP-Bayes,284.0,139.08261529820388
2,MAP-Bayes,285.0,139.12779273881762
2,MAP-Bayes,286.0,139.1711987466472
2,MAP-Bayes,287.0,139.21290278056568
2,MAP-Bayes,288.0,139.2529715759246
2,MAP-Bayes,289.0,139.29146925134498
2,MAP-Bayes,290.0,139.32845741132078
2,MAP-Bayes,291.0,139.36399524479924
2,MAP-Bayes,292.0,139.3981396198957
2,MAP-Bayes,293.0,139.43094517489482
2,MAP-Bayes,294.0,139.4624644056835
2,MAP-Bayes,294.0,139.4624644056835
2,MAP-Bayes,295.0,138.85608918763793
2,MAP-Bayes,296.0,138.27349028197605
2,MAP-Bayes,297.0,137.7137354061544
2,MAP-Bayes,298.0,137.17592883295097
2,MAP-Bayes,299.0,136.6592099571104
2,MAP-Bayes,300.0,136.1627519181921
2,MAP-Bayes,301.0,135.68576027741716
2,MAP-Bayes,302.0,135.22747174639665
2,MAP-Bayes,303.0,134.7871529657075
2,MAP-Bayes,304.0,134.36409933136093
2,MAP-Bayes,305.0,133.95763386728575
2,MAP-Bayes,306.0,133.56710614202217
2,MAP-Bayes,307.0,133.19189122789274
2,MAP-Bayes,308.0,132.83138870098472
2,MAP-Bayes,309.0,132.48502168034378
2,MAP-Bayes,310.0,132.15223590484132
2,MAP-Bayes,311.0,131.83249884623842
2,MAP-Bayes,312.0,131.52529885702717
2,MAP-Bayes,313.0,131.23014435168525
2,MAP-Bayes,314.0,130.94656302003452
2,MAP-Bayes,315.0,130.67410107144374
2,MAP-Bayes,316.0,130.41232250866688
2,MAP-Bayes,317.0,130.16080843015436
2,MAP-Bayes,318.0,129.91915635972143
2,MAP-Bayes,319.0,129.68697960250017
2,MAP-Bayes,320.0,129.46390662614536
2,MAP-Bayes,321.0,129.24958046630337
2,MAP-Bayes,322.0,129.0436581553931
2,MAP-Bayes,323.0,128.8458101737847
2,MAP-Bayes,324.0,128.65571992249772
2,MAP-Bayes,325.0,128.47308321657542
2,MAP-Bayes,326.0,128.29760779832367
2,MAP-Bayes,327.0,128.12901286963654
2,MAP-Bayes,328.0,127.96702864265934
2,MAP-Bayes,329.0,127.81139590807038
2,MAP-Bayes,330.0,127.66186562029091
2,MAP-Bayes,331.0,127.518198498959
2,MAP-Bayes,332.0,127.38016464602987
2,MAP-Bayes,333.0,127.24754317789005
2,MAP-Bayes,334.0,127.12012187189644
2,MAP-Bayes,335.0,126.9976968267748
2,MAP-Bayes,336.0,126.88007213633416
0,DQN seed 0,0.0,536.1216076867615
0,DQN seed 0,1.0,517.8367856979569
0,DQN seed 0,2.0,500.26892183433307
0,DQN seed 0,3.0,483.3899037656977
0,DQN seed 0,4.0,467.17272146209154
0,DQN seed 0,5.0,451.59142397197877
0,DQN seed 0,6.0,436.6210778951879
0,DQN seed 0,7.0,422.2377274841518
0,DQN seed 0,8.0,408.41835630960105
0,DQN seed 0,9.0,395.14085042936665
0,DQN seed 0,10.0,382.3839630013546
0,DQN seed 0,11.0,370.1272802840656
0,DQN seed 0,12.0,358.3511889702534
0,DQN seed 0,13.0,347.0368448014494
0,DQN seed 0,14.0,336.1661424131277
0,DQN seed 0,15.0,325.7216863622604
0,DQN seed 0,16.0,315.68676329089647
0,DQN seed 0,17.0,306.04531518122394
0,DQN seed 0,18.0,296.7819136593156
0,DQN seed 0,19.0,287.8817353064384
0,DQN seed 0,20.0,279.3305379384218
0,DQN seed 0,21.0,271.1146378151244
0,DQN seed 0,21.0,271.1146378151244
0,DQN seed 0,22.0,262.4837299927553
0,DQN seed 0,23.0,254.19124490672579
0,DQN seed 0,24.0,246.22391281174055
0,DQN seed 0,25.0,238.56898427665936
0,DQN seed 0,26.0,231.2142097826876
0,DQN seed 0,27.0,224.14782012153267
0,DQN seed 0,28.0,217.35850756215984
0,DQN seed 0,29.0,210.8354077560102
0,DQN seed 0,30.0,204.56808235172502
0,DQN seed 0,31.0,198.5465022915568
0,DQN seed 0,32.0,192.76103176273696
0,DQN seed 0,33.0,187.20241277811982
0,DQN seed 0,34.0,181.8617503614281
0,DQN seed 0,35.0,176.73049831339296
0,DQN seed 0,36.0,171.8004455360121
0,DQN seed 0,37.0,167.06370289304093
0,DQN seed 0,38.0,162.51269058569176
0,DQN seed 0,39.0,158.1401260233385
0,DQN seed 0,40.0,153.93901216981772
0,DQN seed 0,41.0,149.90262634667846
0,DQN seed 0,42.0,146.0245094754621
0,DQN seed 0,42.0,146.0245094754621
0,DQN seed 0,43.0,143.1173978439249
0,DQN seed 0,44.0,140.32427568990704
0,DQN seed 0,45.0,137.6406734220643
0,DQN seed 0,46.0,135.06229670423582
0,DQN seed 0,47.0,132.58501958358994
0,DQN seed 0,48.0,130.20487788821973
0,DQN seed 0,49.0,127.9180628836219
0,DQN seed 0,50.0,125.72091517790925
0,DQN seed 0,51.0,123.60991886600277
0,DQN seed 0,52.0,121.58169590343353
0,DQN seed 0,53.0,119.63300070075076
0,DQN seed 0,54.0,117.76071492988635
0,DQN seed 0,55.0,115.96184253416467
0,DQN seed 0,56.0,114.23350493397264
0,DQN seed 0,57.0,112.57293642041827
0,DQN seed 0,58.0,110.97747972960636
0,DQN seed 0,59.0,109.44458179044935
0,DQN seed 0,60.0,107.97178963920895
0,DQN seed 0,61.0,106.55674649423074
0,DQN seed 0,62.0,105.19718798459077
0,DQN seed 0,63.0,103.89093852661904
0,DQN seed 0,64.0,102.63590784250133
0,DQN seed 0,65.0,101.43008761538893
0,DQN seed 0,66.0,100.2715482756631
0,DQN seed 0,67.0,99.15843591321199
0,DQN seed 0,68.0,98.08896931077908
0,DQN seed 0,69.0,97.06143709363542
0,DQN seed 0,70.0,96.07419499101502
0,DQN seed 0,71.0,95.1256632049308
0,DQN seed 0,72.0,94.21432388216081
0,DQN seed 0,73.0,93.33871868535915
0,DQN seed 0,74.0,92.49744645940524
0,DQN seed 0,75.0,91.68916098925655
0,DQN seed 0,76.0,90.91256884571743
0,DQN seed 0,77.0,90.16642731567636
0,DQN seed 0,78.0,89.44954241349996
0,DQN seed 0,79.0,88.76076697040111
0,DQN seed 0,80.0,88.0989987987243
0,DQN seed 0,81.0,87.46317892821006
0,DQN seed 0,82.0,86.85228991141678
0,DQN seed 0,83.0,86.26535419558765
0,DQN seed 0,84.0,85.70143255835772
0,DQN seed 0,85.0,85.1596226047977
0,DQN seed 0,86.0,84.63905732338965
0,DQN seed 0,87.0,84.13890369862342
0,DQN seed 0,88.0,83.65836137799427
0,DQN seed 0,89.0,83.19666139126804
0,DQN seed 0,90.0,82.75306491996471
0,DQN seed 0,91.0,82.32686211509123
0,DQN seed 0,92.0,81.9173709612317
0,DQN seed 0,93.0,81.52393618517716
0,DQN seed 0,94.0,81.1459282073487
0,DQN seed 0,95.0,80.78274213433579
0,DQN seed 0,96.0,80.43379679093778
0,DQN seed 0,97.0,80.09853379015959
0,DQN seed 0,98.0,79.77641663967339
0,DQN seed 0,98.0,79.77641663967339
0,DQN seed 0,99.0,83.73816595406123
0,DQN seed 0,100.0,87.54457285589403
0,DQN seed 0,101.0,91.2017284082915
0,DQN seed 0,102.0,94.71548484037227
0,DQN seed 0,103.0,98.09146491206903
0,DQN seed 0,104.0,101.33507091174395
0,DQN seed 0,105.0,104.45149330100277
0,DQN seed 0,106.0,107.44571902054047
0,DQN seed 0,107.0,110.32253947031056
0,DQN seed 0,108.0,113.0865581767871
0,DQN seed 0,109.0,115.74219815958922
0,DQN seed 0,110.0,118.29370900925616
0,DQN seed 0,111.0,120.74517368749872
0,DQN seed 0,112.0,123.10051506080913
0,DQN seed 0,113.0,125.3635021778843
0,DQN seed 0,114.0,127.53775630090789
0,DQN seed 0,115.0,129.62675670034236
0,DQN seed 0,116.0,131.63384622250393
0,DQN seed 0,117.0,133.5622366388301
0,DQN seed 0,118.0,135.41501378539883
0,DQN seed 0,119.0,137.19514250092482
0,DQN seed 0,120.0,138.905471371134
0,DQN seed 0,121.0,140.5487372871083
0,DQN seed 0,122.0,142.12756982489537
0,DQN seed 0,123.0,143.64449545339124
0,DQN seed 0,124.0,145.1019415772296
0,DQN seed 0,125.0,146.50224042114698
0,DQN seed 0,126.0,147.84763276204
0,DQN seed 0,126.0,147.84763276204
0,DQN seed 0,127.0,147.91739741188584
0,DQN seed 0,128.0,147.9844265506839
0,DQN seed 0,129.0,148.04882743935653
0,DQN seed 0,130.0,148.11070313306521
0,DQN seed 0,131.0,148.17015264612075
0,DQN seed 0,132.0,148.22727111042727
0,DQN seed 0,133.0,148.28214992771356
0,DQN seed 0,134.0,148.3348769157954
0,DQN seed 0,135.0,148.38553644910274
0,DQN seed 0,136.0,148.43420959369683
0,DQN seed 0,137.0,148.48097423699315
0,DQN seed 0,138.0,148.525905212398
0,DQN seed 0,139.0,148.56907441905776
0,DQN seed 0,140.0,148.61055093691306
0,DQN seed 0,141.0,148.65040113724126
0,DQN seed 0,142.0,148.68868878886468
0,DQN seed 0,143.0,148.7254751601944
0,DQN seed 0,144.0,148.76081911727275
0,DQN seed 0,145.0,148.79477721797147
0,DQN seed 0,146.0,148.82740380249646
0,DQN seed 0,147.0,148.8587510803437
0,DQN seed 0,148.0,148.88886921384548
0,DQN seed 0,149.0,148.917806398441
0,DQN seed 0,150.0,148.94560893979917
0,DQN seed 0,151.0,148.97232132791768
0,DQN seed 0,152.0,148.99798630831648
0,DQN seed 0,153.0,149.0226449504397
0,DQN seed 0,154.0,149.04633671337555
0,DQN seed 0,154.0,149.04633671337555
0,DQN seed 0,155.0,147.97622536853476
0,DQN seed 0,156.0,146.94807368969464
0,DQN seed 0,157.0,145.96023641481833
0,DQN seed 0,158.0,145.01113279351617
0,DQN seed 0,159.0,144.0992440575078
0,DQN seed 0,160.0,143.22311099026902
0,DQN seed 0,161.0,142.38133159197386
0,DQN seed 0,162.0,141.5725588359959
0,DQN seed 0,163.0,140.7954985133781
0,DQN seed 0,164.0,140.04890716182268
0,DQN seed 0,165.0,139.33159007588574
0,DQN seed 0,166.0,138.64239939519402
0,DQN seed 0,167.0,137.9802322676232
0,DQN seed 0,168.0,137.34402908449934
0,DQN seed 0,169.0,136.73277178499885
0,DQN seed 0,170.0,136.145482227034
0,DQN seed 0,171.0,135.58122062201693
0,DQN seed 0,172.0,135.0390840309974
0,DQN seed 0,173.0,134.51820491976778
0,DQN seed 0,174.0,134.0177497706233
0,DQN seed 0,175.0,133.53691774855594
0,DQN seed 0,176.0,133.07493941974732
0,DQN seed 0,177.0,132.63107552031076
0,DQN seed 0,178.0,132.20461577331116
0,DQN seed 0,179.0,131.79487775217035
0,DQN seed 0,180.0,131.40120578863912
0,DQN seed 0,181.0,131.02296992358794
0,DQN seed 0,182.0,130.6595648989381
0,DQN seed 0,183.0,130.31040918911967
0,DQN seed 0,184.0,129.97494407050638
0,DQN seed 0,185.0,129.65263272733876
0,DQN seed 0,186.0,129.3429593927043
0,DQN seed 0,187.0,129.04542852320043
0,DQN seed 0,188.0,128.7595640059593
0,DQN seed 0,189.0,128.48490839676566
0,DQN seed 0,190.0,128.22102218804847
0,DQN seed 0,191.0,127.96748310557501
0,DQN seed 0,192.0,127.72388543272217
0,DQN seed 0,193.0,127.48983936124307
0,DQN seed 0,194.0,127.26497036749086
0,DQN seed 0,195.0,127.04891861310092
0,DQN seed 0,196.0,126.84133836917275
0,DQN seed 0,196.0,126.84133836917275
0,DQN seed 0,197.0,125.58913369154743
0,DQN seed 0,198.0,124.3860286616279
0,DQN seed 0,199.0,123.23009805469017
0,DQN seed 0,200.0,122.11949213515148
0,DQN seed 0,201.0,121.05243369659863
0,DQN seed 0,202.0,120.02721521787869
0,DQN seed 0,203.0,119.04219613070076
0,DQN seed 0,204.0,118.09580019437675
0,DQN seed 0,205.0,117.18651297349996
0,DQN seed 0,206.0,116.31287941452537
0,DQN seed 0,207.0,115.47350151737353
0,DQN seed 0,208.0,114.66703609833216
0,DQN seed 0,209.0,113.89219264067566
0,DQN seed 0,210.0,113.14773122956302
0,DQN seed 0,211.0,112.43246056790957
0,DQN seed 0,212.0,111.74523607005742
0,DQN seed 0,213.0,111.08495803019433
0,DQN seed 0,214.0,110.45056986258967
0,DQN seed 0,215.0,109.84105641083192
0,DQN seed 0,216.0,109.2554423233618
0,DQN seed 0,217.0,108.69279049270169
0,DQN seed 0,218.0,108.15220055588372
0,DQN seed 0,219.0,107.632807453677
0,DQN seed 0,220.0,107.13378004630823
0,DQN seed 0,221.0,106.65431978346074
0,DQN seed 0,222.0,106.19365942642366
0,DQN seed 0,223.0,105.75106182034632
0,DQN seed 0,224.0,105.3258187146331
0,DQN seed 0,225.0,104.91724962959151
0,DQN seed 0,226.0,104.52470076751942
0,DQN seed 0,227.0,104.1475439664893
0,DQN seed 0,228.0,103.78517569515506
0,DQN seed 0,229.0,103.43701608697327
0,DQN seed 0,230.0,103.10250801229277
0,DQN seed 0,231.0,102.78111618682858
0,DQN seed 0,232.0,102.47232631509272
0,DQN seed 0,233.0,102.17564426741168
0,DQN seed 0,234.0,101.89059528921365
0,DQN seed 0,235.0,101.61672324131983
0,DQN seed 0,236.0,101.35358987002444
0,DQN seed 0,237.0,101.10077410579527
0,DQN seed 0,238.0,100.85787138947265
0,DQN seed 0,239.0,100.62449302488848
0,DQN seed 0,240.0,100.40026555686936
0,DQN seed 0,241.0,100.18483017362873
0,DQN seed 0,242.0,99.97784213259139
0,DQN seed 0,243.0,99.77897020873189
0,DQN seed 0,244.0,99.58789616454379
0,DQN seed 0,245.0,99.40431424079173
0,DQN seed 0,246.0,99.22793066723148
0,DQN seed 0,247.0,99.05846319251485
0,DQN seed 0,248.0,98.89564063252729
0,DQN seed 0,249.0,98.7392024364355
0,DQN seed 0,250.0,98.58889826975047
0,DQN seed 0,251.0,98.44448761373891
0,DQN seed 0,252.0,98.30573938054194
1,DQN seed 0,0.0,1461.5477576639641
1,DQN seed 0,1.0,1420.6181358140047
1,DQN seed 0,2.0,1381.2933873920656
1,DQN seed 0,3.0,1343.5105844109444
1,DQN seed 0,4.0,1307.2092663251103
1,DQN seed 0,5.0,1272.3313432809316
1,DQN seed 0,6.0,1238.8210031605174
1,DQN seed 0,7.0,1206.624622270421
1,DQN seed 0,8.0,1175.6906795322907
1,DQN seed 0,9.0,1145.9696740381523
1,DQN seed 0,10.0,1117.414045838396
1,DQN seed 0,11.0,1089.97809983571
1,DQN seed 0,12.0,1063.6179326631757
1,DQN seed 0,13.0,1038.2913624295152
1,DQN seed 0,14.0,1013.9578612190644
1,DQN seed 0,15.0,990.5784902384632
1,DQN seed 0,16.0,968.1158375062771
1,DQN seed 0,17.0,946.5339579858467
1,DQN seed 0,18.0,925.7983160655593
1,DQN seed 0,19.0,905.875730294503
1,DQN seed 0,20.0,886.7343202850658
1,DQN seed 0,21.0,868.343455697514
1,DQN seed 0,21.0,868.343455697514
1,DQN seed 0,22.0,846.4924139500747
1,DQN seed 0,23.0,825.4981638046587
1,DQN seed 0,24.0,805.3271099820208
1,DQN seed 0,25.0,785.9469744926572
1,DQN seed 0,26.0,767.3267449851355
1,DQN seed 0,27.0,749.4366251197163
1,DQN seed 0,28.0,732.2479868878522
1,DQN seed 0,29.0,715.7333248012674
1,DQN seed 0,30.0,699.8662118773074
1,DQN seed 0,31.0,684.6212573501293
1,DQN seed 0,32.0,669.9740660400593
1,DQN seed 0,33.0,655.9011993161001
1,DQN seed 0,34.0,642.3801375891221
1,DQN seed 0,35.0,629.3892442757151
1,DQN seed 0,36.0,616.907731175039
1,DQN seed 0,37.0,604.915625203268
1,DQN seed 0,38.0,593.3937364323949
1,DQN seed 0,39.0,582.3236273822524
1,DQN seed 0,40.0,571.6875835166109
1,DQN seed 0,41.0,561.4685848961416
1,DQN seed 0,42.0,551.6502789428826
1,DQN seed 0,42.0,551.6502789428826
1,DQN seed 0,43.0,549.0173728371142
1,DQN seed 0,44.0,546.4877044564123
1,DQN seed 0,45.0,544.0572257916764
1,DQN seed 0,46.0,541.7220475585132
1,DQN seed 0,47.0,539.4784329735514
1,DQN seed 0,48.0,537.3227917747921
1,DQN seed 0,49.0,535.2516744764225
1,DQN seed 0,50.0,533.2617668489033
1,DQN seed 0,51.0,531.3498846154941
1,DQN seed 0,52.0,529.5129683567318
1,DQN seed 0,53.0,527.7480786147056
1,DQN seed 0,54.0,526.0523911892986
1,DQN seed 0,55.0,524.4231926188642
1,DQN seed 0,56.0,522.8578758381087
1,DQN seed 0,57.0,521.353936006231
1,DQN seed 0,58.0,519.9089664986424
1,DQN seed 0,59.0,518.520655055854
1,DQN seed 0,60.0,517.1867800833686
1,DQN seed 0,61.0,515.9052070966551
1,DQN seed 0,62.0,514.6738853055178
1,DQN seed 0,63.0,513.4908443323951
1,DQN seed 0,64.0,512.3541910593342
1,DQN seed 0,65.0,511.2621065985994
1,DQN seed 0,66.0,510.21284338206306
1,DQN seed 0,67.0,509.204722364724
1,DQN seed 0,68.0,508.236130337877
1,DQN seed 0,69.0,507.3055173476354
1,DQN seed 0,70.0,506.4113942146732
1,DQN seed 0,71.0,505.5523301512213
1,DQN seed 0,72.0,504.72695047150154
1,DQN seed 0,73.0,503.93393439193585
1,DQN seed 0,74.0,503.17201291761114
1,DQN seed 0,75.0,502.43996681161656
1,DQN seed 0,76.0,501.7366246440044
1,DQN seed 0,77.0,501.0608609172521
1,DQN seed 0,78.0,500.41159426522637
1,DQN seed 0,79.0,499.7877857227662
1,DQN seed 0,80.0,499.1884370631175
1,DQN seed 0,81.0,498.61258920055684
1,DQN seed 0,82.0,498.0593206556502
1,DQN seed 0,83.0,497.5277460806887
1,DQN seed 0,84.0,497.0170148429438
1,DQN seed 0,85.0,496.52630966347334
1,DQN seed 0,86.0,496.05484530930073
1,DQN seed 0,87.0,495.601867336875
1,DQN seed 0,88.0,495.16665088479965
1,DQN seed 0,89.0,494.7484995139003
1,DQN seed 0,90.0,494.3467440927732
1,DQN seed 0,91.0,493.96074172703203
1,DQN seed 0,92.0,493.58987473054015
1,DQN seed 0,93.0,493.23354963698057
1,DQN seed 0,94.0,492.89119625018355
1,DQN seed 0,95.0,492.562266731691
1,DQN seed 0,96.0,492.24623472409786
1,DQN seed 0,97.0,491.9425945087683
1,DQN seed 0,98.0,491.6508601965777
2,DQN seed 0,0.0,220.47208817051745
2,DQN seed 0,1.0,213.04602185138376
2,DQN seed 0,2.0,205.91113575751532
2,DQN seed 0,3.0,199.05601254897178
2,DQN seed 0,4.0,192.46968256611515
2,DQN seed 0,5.0,186.1416062758142
2,DQN seed 0,6.0,180.06165740594287
2,DQN seed 0,7.0,174.22010674118434
2,DQN seed 0,8.0,168.60760655421115
2,DQN seed 0,9.0,163.21517564732682
2,DQN seed 0,10.0,158.03418498063382
2,DQN seed 0,11.0,153.05634386372842
2,DQN seed 0,12.0,148.2736866888275
2,DQN seed 0,13.0,143.6785601840966
2,DQN seed 0,14.0,139.26361116678223
2,DQN seed 0,15.0,135.02177477655067
2,DQN seed 0,16.0,130.94626317020416
2,DQN seed 0,17.0,127.0305546596837
2,DQN seed 0,18.0,123.2683832759768
2,DQN seed 0,19.0,119.65372874223011
2,DQN seed 0,20.0,116.18080684002223
2,DQN seed 0,21.0,112.84406015338011
2,DQN seed 0,21.0,112.84406015338011
2,DQN seed 0,22.0,109.27927604104883
2,DQN seed 0,23.0,105.85426911306294
2,DQN seed 0,24.0,102.56355862763056
2,DQN seed 0,25.0,99.40187874591932
2,DQN seed 0,26.0,96.36417010559079
2,DQN seed 0,27.0,93.44557172474137
2,DQN seed 0,28.0,90.64141322329418
2,DQN seed 0,29.0,87.94720734939452
2,DQN seed 0,30.0,85.35864279884956
2,DQN seed 0,31.0,82.8715773161219
2,DQN seed 0,32.0,80.48203106583688
2,DQN seed 0,33.0,78.18618026419699
2,DQN seed 0,34.0,75.980351060112
2,DQN seed 0,35.0,73.86101365625336
2,DQN seed 0,36.0,71.82477666062549
2,DQN seed 0,37.0,69.86838165961495
2,DQN seed 0,38.0,67.98869800383363
2,DQN seed 0,39.0,66.18271779841173
2,DQN seed 0,40.0,64.44755108972421
2,DQN seed 0,41.0,62.780421240848554
2,DQN seed 0,42.0,61.178660488353216
2,DQN seed 0,42.0,61.178660488353216
2,DQN seed 0,43.0,60.38593364317944
2,DQN seed 0,44.0,59.624290062203954
2,DQN seed 0,45.0,58.892510953204535
2,DQN seed 0,46.0,58.1894253134856
2,DQN seed 0,47.0,57.51390805602399
2,DQN seed 0,48.0,56.864878209089746
2,DQN seed 0,49.0,56.24129718646067
2,DQN seed 0,50.0,55.64216712546284
2,DQN seed 0,51.0,55.06652929017744
2,DQN seed 0,52.0,54.51346253725873
2,DQN seed 0,53.0,53.98208184190816
2,DQN seed 0,54.0,53.47153688164592
2,DQN seed 0,55.0,52.98101067561352
2,DQN seed 0,56.0,52.50971827723012
2,DQN seed 0,57.0,52.05690551811059
2,DQN seed 0,58.0,51.62184780123512
2,DQN seed 0,59.0,51.20384894143944
2,DQN seed 0,60.0,50.80224005137005
2,DQN seed 0,61.0,50.41637847112168
2,DQN seed 0,62.0,50.04564673984443
2,DQN seed 0,63.0,49.689451607674584
2,DQN seed 0,64.0,49.347223086408334
2,DQN seed 0,65.0,49.018413537399
2,DQN seed 0,66.0,48.7024967952184
2,DQN seed 0,67.0,48.39896732567987
2,DQN seed 0,68.0,48.107339416875746
2,DQN seed 0,69.0,47.82714640193466
2,DQN seed 0,70.0,47.55793991225502
2,DQN seed 0,71.0,47.299289160019555
2,DQN seed 0,72.0,47.05078024884291
2,DQN seed 0,73.0,46.812015511449154
2,DQN seed 0,74.0,46.58261287331925
2,DQN seed 0,75.0,46.36220524129036
2,DQN seed 0,76.0,46.150439916128434
2,DQN seed 0,77.0,45.94697802813419
2,DQN seed 0,78.0,45.75149399487933
2,DQN seed 0,79.0,45.56367500020516
2,DQN seed 0,80.0,45.38322049365001
2,DQN seed 0,81.0,45.20984170950438
2,DQN seed 0,82.0,45.04326120472419
2,DQN seed 0,83.0,44.88321241496271
2,DQN seed 0,84.0,44.72943922801078
2,DQN seed 0,85.0,44.58169557396257
2,DQN seed 0,86.0,44.439745031451274
2,DQN seed 0,87.0,44.30336044932447
2,DQN seed 0,88.0,44.17232358315384
2,DQN seed 0,89.0,44.046424745997484
2,DQN seed 0,90.0,43.9254624728561
2,DQN seed 0,91.0,43.809243198286
2,DQN seed 0,92.0,43.6975809466531
2,DQN seed 0,93.0,43.59029703453224
2,DQN seed 0,94.0,43.487219784775576
2,DQN seed 0,95.0,43.3881842517925
2,DQN seed 0,96.0,43.29303195760154
2,DQN seed 0,97.0,43.201610638231756
2,DQN seed 0,98.0,43.1137740000679
2,DQN seed 0,98.0,43.1137740000679
2,DQN seed 0,99.0,45.60738030060337
2,DQN seed 0,100.0,48.00321089956154
2,DQN seed 0,101.0,50.30509963703853
2,DQN seed 0,102.0,52.5167300261101
2,DQN seed 0,103.0,54.64164114723841
2,DQN seed 0,104.0,56.68323331155581
2,DQN seed 0,105.0,58.64477350208811
2,DQN seed 0,106.0,60.529400601624374
2,DQN seed 0,107.0,62.34013041559909
2,DQN seed 0,108.0,64.07986049802425
2,DQN seed 0,109.0,65.75137478819394
2,DQN seed 0,110.0,67.35734806558118
2,DQN seed 0,111.0,68.90035023005566
2,DQN seed 0,112.0,70.38285041427196
2,DQN seed 0,113.0,71.80722093480831
2,DQN seed 0,114.0,73.17574108837957
2,DQN seed 0,115.0,74.49060079919792
2,DQN seed 0,116.0,75.75390412331909
2,DQN seed 0,117.0,76.96767261558072
2,DQN seed 0,118.0,78.13384856452154
2,DQN seed 0,119.0,79.25429810045732
2,DQN seed 0,120.0,80.33081418168754
2,DQN seed 0,121.0,81.36511946361118
2,DQN seed 0,122.0,82.35886905534286
2,DQN seed 0,123.0,83.31365316824062
2,DQN seed 0,124.0,84.2309996605832
2,DQN seed 0,125.0,85.11237648246937
2,DQN seed 0,126.0,85.95919402485124
2,DQN seed 0,127.0,86.77280737646068
2,DQN seed 0,128.0,87.55451849224033
2,DQN seed 0,129.0,88.30557827674943
2,DQN seed 0,130.0,89.02718858587777
2,DQN seed 0,131.0,89.72050415007172
2,DQN seed 0,132.0,90.38663442214921
2,DQN seed 0,133.0,91.02664535266094
2,DQN seed 0,134.0,91.64156109563864
2,DQN seed 0,135.0,92.23236564746011
2,DQN seed 0,136.0,92.80000442145332
2,DQN seed 0,137.0,93.34538576075937
2,DQN seed 0,138.0,93.86938239187536
2,DQN seed 0,139.0,94.372832821203
2,DQN seed 0,140.0,94.8565426768377
2,DQN seed 0,141.0,95.32128599774543
2,DQN seed 0,142.0,95.76780647239015
2,DQN seed 0,143.0,96.19681862879408
2,DQN seed 0,144.0,96.60900897793493
2,DQN seed 0,145.0,97.00503711230996
2,DQN seed 0,146.0,97.3855367614247
2,DQN seed 0,147.0,97.75111680589532
2,DQN seed 0,148.0,98.10236225178751
2,DQN seed 0,149.0,98.43983516675108
2,DQN seed 0,150.0,98.76407557944803
2,DQN seed 0,151.0,99.07560234371364
2,DQN seed 0,152.0,99.37491396883334
2,DQN seed 0,153.0,99.66248941726387
2,DQN seed 0,154.0,99.93878887107542
2,DQN seed 0,155.0,100.2042544683411
2,DQN seed 0,156.0,100.45931101065224
2,DQN seed 0,157.0,100.70436664289149
2,DQN seed 0,158.0,100.93981350635175
2,DQN seed 0,159.0,101.16602836624591
2,DQN seed 0,160.0,101.38337321461155
2,DQN seed 0,161.0,101.5921958495754
2,DQN seed 0,162.0,101.79283043190465
2,DQN seed 0,163.0,101.98559801973532
2,DQN seed 0,164.0,102.1708070823339
2,DQN seed 0,165.0,102.34875399371391
2,DQN seed 0,166.0,102.5197235068976
2,DQN seed 0,167.0,102.68398920958151
2,DQN seed 0,168.0,102.84181396193515
2,DQN seed 0,168.0,102.84181396193515
2,DQN seed 0,169.0,102.26367676312562
2,DQN seed 0,170.0,101.7082086481283
2,DQN seed 0,171.0,101.17452074945305
2,DQN seed 0,172.0,100.66175905260246
2,DQN seed 0,173.0,100.16910302946658
2,DQN seed 0,174.0,99.69576432530286
2,DQN seed 0,175.0,99.24098549720031
2,DQN seed 0,176.0,98.80403880200932
2,DQN seed 0,177.0,98.38422503179729
2,DQN seed 0,178.0,97.98087239496685
2,DQN seed 0,179.0,97.59333544124594
2,DQN seed 0,180.0,97.22099402882961
2,DQN seed 0,181.0,96.86325233202095
2,DQN seed 0,182.0,96.51953788778275
2,DQN seed 0,183.0,96.18930067967457
2,DQN seed 0,184.0,95.8720122577091
2,DQN seed 0,185.0,95.56716489271936
2,DQN seed 0,186.0,95.27427076388382
2,DQN seed 0,187.0,94.9928611781089
2,DQN seed 0,188.0,94.72248582002013
2,DQN seed 0,189.0,94.4627120313614
2,DQN seed 0,190.0,94.21312411864952
2,DQN seed 0,191.0,93.97332268797587
2,DQN seed 0,192.0,93.742924005891
2,DQN seed 0,193.0,93.52155938534925
2,DQN seed 0,194.0,93.30887459573079
2,DQN seed 0,195.0,93.10452929599701
2,DQN seed 0,196.0,92.9081964900724
2,DQN seed 0,197.0,92.71956200358089
2,DQN seed 0,198.0,92.53832398109992
2,DQN seed 0,199.0,92.36419240312735
2,DQN seed 0,200.0,92.19688862198838
2,DQN seed 0,201.0,92.03614491593981
2,DQN seed 0,202.0,91.88170406075814
2,DQN seed 0,203.0,91.73331891812593
2,DQN seed 0,204.0,91.5907520401578
2,DQN seed 0,205.0,91.45377528943308
2,DQN seed 0,206.0,91.32216947392739
2,DQN seed 0,207.0,91.1957239962585
2,DQN seed 0,208.0,91.07423651668564
2,DQN seed 0,209.0,90.9575126293228
2,DQN seed 0,210.0,90.8453655510478
2,DQN seed 0,211.0,90.73761582260938
2,DQN seed 0,212.0,90.63409102145421
2,DQN seed 0,213.0,90.53462548581399
2,DQN seed 0,214.0,90.43906004961123
2,DQN seed 0,215.0,90.34724178775964
2,DQN seed 0,216.0,90.2590237714513
2,DQN seed 0,217.0,90.17426483303929
2,DQN seed 0,218.0,90.09282934013926
2,DQN seed 0,219.0,90.01458697858875
2,DQN seed 0,220.0,89.93941254391667
2,DQN seed 0,221.0,89.86718574098951
2,DQN seed 0,222.0,89.79779099151335
2,DQN seed 0,223.0,89.73111724908404
2,DQN seed 0,224.0,89.66705782148918
2,DQN seed 0,224.0,89.66705782148918
2,DQN seed 0,225.0,91.63716472557523
2,DQN seed 0,226.0,93.53002263302218
2,DQN seed 0,227.0,95.34866052031319
2,DQN seed 0,228.0,97.09598859606467
2,DQN seed 0,229.0,98.77480295798107
2,DQN seed 0,230.0,100.38779006720756
2,DQN seed 0,231.0,101.93753104724124
2,DQN seed 0,232.0,103.42650581427914
2,DQN seed 0,233.0,104.85709704561346
2,DQN seed 0,234.0,106.23159399242338
2,DQN seed 0,235.0,107.55219614306549
2,DQN seed 0,236.0,108.82101674272425
2,DQN seed 0,237.0,110.04008617505531
2,DQN seed 0,238.0,111.21135521123242
2,DQN seed 0,239.0,112.33669813159749
2,DQN seed 0,240.0,113.4179157249091
2,DQN seed 0,241.0,114.45673816998858
2,DQN seed 0,242.0,115.45482780437533
2,DQN seed 0,243.0,116.41378178442153
2,DQN seed 0,244.0,117.33513464108302
2,DQN seed 0,245.0,118.22036073549619
2,DQN seed 0,246.0,119.07087661827042
2,DQN seed 0,247.0,119.88804329627122
2,DQN seed 0,248.0,120.67316841052157
2,DQN seed 0,249.0,121.42750832870658
2,DQN seed 0,250.0,122.15227015562975
2,DQN seed 0,251.0,122.84861366483828
2,DQN seed 0,252.0,123.51765315450811
2,DQN seed 0,253.0,124.16045923055874
2,DQN seed 0,254.0,124.77806051985112
2,DQN seed 0,255.0,125.37144531621011
2,DQN seed 0,256.0,125.94156316190538
2,DQN seed 0,257.0,126.48932636712168
2,DQN seed 0,258.0,127.0156114698497
2,DQN seed 0,259.0,127.521260638534
2,DQN seed 0,260.0,128.00708301972202
2,DQN seed 0,261.0,128.47385603287128
2,DQN seed 0,262.0,128.92232661438644
2,DQN seed 0,263.0,129.35321241287667
2,DQN seed 0,264.0,129.7672029375468
2,DQN seed 0,265.0,130.16496066155904
2,DQN seed 0,266.0,130.5471220821312
2,DQN seed 0,267.0,130.91429873906844
2,DQN seed 0,268.0,131.26707819335695
2,DQN seed 0,269.0,131.6060249673873
2,DQN seed 0,270.0,131.9316814483104
2,DQN seed 0,271.0,132.2445687559728
2,DQN seed 0,272.0,132.54518757681967
2,DQN seed 0,273.0,132.83401896509974
2,DQN seed 0,274.0,133.11152511265496
2,DQN seed 0,275.0,133.37815008852584
2,DQN seed 0,276.0,133.63432054955686
2,DQN seed 0,277.0,133.8804464231382
2,DQN seed 0,278.0,134.11692156317733
2,DQN seed 0,279.0,134.34412438034897
2,DQN seed 0,280.0,134.56241844763315
2,DQN seed 0,281.0,134.77215308210938
2,DQN seed 0,282.0,134.97366390393864
2,DQN seed 0,283.0,135.16727337342707
2,DQN seed 0,284.0,135.35329130703147
2,DQN seed 0,285.0,135.5320153731315
2,DQN seed 0,286.0,135.70373156836274
2,DQN seed 0,287.0,135.86871467527237
2,DQN seed 0,288.0,136.02722870202967
2,DQN seed 0,289.0,136.1795273048956
2,DQN seed 0,290.0,136.32585419412683
2,DQN seed 0,291.0,136.46644352396422
2,DQN seed 0,292.0,136.60152026732948
2,DQN seed 0,293.0,136.73130057582992
2,DQN seed 0,294.0,136.85599212564705
2,DQN seed 0,294.0,136.85599212564705
2,DQN seed 0,295.0,133.75164818414405
2,DQN seed 0,296.0,130.76902730965148
2,DQN seed 0,297.0,127.90335667244372
2,DQN seed 0,298.0,125.15005058812562
2,DQN seed 0,299.0,122.50470317955896
2,DQN seed 0,300.0,119.96308132651914
2,DQN seed 0,301.0,117.52111789179972
2,DQN seed 0,302.0,115.17490521292517
2,DQN seed 0,303.0,112.92068884905723
2,DQN seed 0,304.0,110.75486157308855
2,DQN seed 0,305.0,108.6739575993098
2,DQN seed 0,306.0,106.67464703741307
2,DQN seed 0,307.0,104.75373056395699
2,DQN seed 0,308.0,102.90813430276668
2,DQN seed 0,309.0,101.13490490607602
2,DQN seed 0,310.0,99.43120482854117
2,DQN seed 0,311.0,97.7943077865627
2,DQN seed 0,312.0,96.22159439565011
2,DQN seed 0,313.0,94.71054797884786
2,DQN seed 0,314.0,93.25875053951529
2,DQN seed 0,315.0,91.86387889201617
2,DQN seed 0,316.0,90.52370094412602
2,DQN seed 0,317.0,89.23607212520832
2,DQN seed 0,318.0,87.99893195444403
2,DQN seed 0,319.0,86.81030074362259
2,DQN seed 0,320.0,85.66827642921852
2,DQN seed 0,321.0,84.5710315286839
2,DQN seed 0,322.0,83.51681021608651
2,DQN seed 0,323.0,82.50392551241364
2,DQN seed 0,324.0,81.53075658604581
2,DQN seed 0,325.0,80.59574615908039
2,DQN seed 0,326.0,79.69739801535472
2,DQN seed 0,327.0,78.834274606181
2,DQN seed 0,328.0,78.00499474996172
2,DQN seed 0,329.0,77.2082314220045
2,DQN seed 0,330.0,76.44270963099935
2,DQN seed 0,331.0,75.70720437876062
2,DQN seed 0,332.0,75.00053869996859
2,DQN seed 0,333.0,74.32158177877378
2,DQN seed 0,334.0,73.66924713925044
2,DQN seed 0,335.0,73.04249090680318
2,DQN seed 0,336.0,72.44031013774496
2,DQN seed 0,337.0,71.8617412143732
2,DQN seed 0,338.0,71.30585830297586
2,DQN seed 0,339.0,70.77177187230008
2,DQN seed 0,340.0,70.25862727011221
2,DQN seed 0,341.0,69.7656033555721
2,DQN seed 0,342.0,69.29191118523241
2,DQN seed 0,343.0,68.83679275056089
2,DQN seed 0,344.0,68.39951976496496
2,DQN seed 0,345.0,67.97939249837779
2,DQN seed 0,346.0,67.57573865754091
2,DQN seed 0,347.0,67.18791231019155
2,DQN seed 0,348.0,66.81529285143327
2,DQN seed 0,349.0,66.45728401063566
2,DQN seed 0,350.0,66.11331289727416
2,DQN seed 0,351.0,65.78282908418295
2,DQN seed 0,352.0,65.46530372675413
2,DQN seed 0,353.0,65.16022871667346
2,DQN seed 0,354.0,64.86711586883865
2,DQN seed 0,355.0,64.58549614015912
2,DQN seed 0,356.0,64.31491887898687
2,DQN seed 0,357.0,64.05495110397781
2,DQN seed 0,358.0,63.805176811229195
2,DQN seed 0,359.0,63.565196308584575
2,DQN seed 0,360.0,63.334625576041155
2,DQN seed 0,361.0,63.113095651235824
2,DQN seed 0,362.0,62.900252039026654
2,DQN seed 0,363.0,62.695754144225056
2,DQN seed 0,364.0,62.499274726570796
